Price,Adj Close
Ticker,ADM
Date,
2014-01-02,30.2583065032959
2014-01-03,30.399070739746094
2014-01-06,30.462430953979492
2014-01-07,30.159778594970703
2014-01-08,29.814895629882812
2014-01-09,29.674114227294922
2014-01-10,29.547428131103516
2014-01-13,29.23070526123047
2014-01-14,29.793777465820312
2014-01-15,29.878231048583984
2014-01-16,29.03361701965332
2014-01-17,28.864702224731445
2014-01-21,29.118091583251953
2014-01-22,29.73746681213379
2014-01-23,28.745046615600586
2014-01-24,27.851144790649414
2014-01-27,27.70334243774414
2014-01-28,28.203083038330078
2014-01-29,27.604806900024414
2014-01-30,27.808923721313477
2014-01-31,27.787813186645508
2014-02-03,27.386619567871094
2014-02-04,26.908002853393555
2014-02-05,27.210657119750977
2014-02-06,27.52739143371582
2014-02-07,28.076400756835938
2014-02-10,28.231245040893555
2014-02-11,28.526840209960938
2014-02-12,28.61131477355957
2014-02-13,28.625381469726562
2014-02-14,28.702810287475586
2014-02-18,28.695728302001953
2014-02-19,28.28509521484375
2014-02-20,28.405458450317383
2014-02-21,28.313404083251953
2014-02-24,28.433765411376953
2014-02-25,28.596614837646484
2014-02-26,28.596614837646484
2014-02-27,28.242603302001953
2014-02-28,28.745302200317383
2014-03-03,28.235530853271484
2014-03-04,28.81610107421875
2014-03-05,28.79485321044922
2014-03-06,28.986007690429688
2014-03-07,29.262144088745117
2014-03-10,30.055116653442383
2014-03-11,30.055116653442383
2014-03-12,30.394954681396484
2014-03-13,30.019723892211914
2014-03-14,30.097599029541016
2014-03-17,30.133010864257812
2014-03-18,30.394954681396484
2014-03-19,30.20379638671875
2014-03-20,30.23211097717285
2014-03-21,30.210874557495117
2014-03-24,29.948909759521484
2014-03-25,30.026798248291016
2014-03-26,30.23211097717285
2014-03-27,30.515329360961914
2014-03-28,30.59320068359375
2014-03-31,30.72063636779785
2014-04-01,30.748977661132812
2014-04-02,30.748977661132812
2014-04-03,30.55072784423828
2014-04-04,30.479917526245117
2014-04-07,30.86933135986328
2014-04-08,30.819774627685547
2014-04-09,31.42158317565918
2014-04-10,31.27289390563965
2014-04-11,31.44282341003418
2014-04-14,31.64106559753418
2014-04-15,31.34369659423828
2014-04-16,31.874713897705078
2014-04-17,31.888870239257812
2014-04-21,31.78267478942871
2014-04-22,31.584423065185547
2014-04-23,31.669374465942383
2014-04-24,31.59859848022461
2014-04-25,31.449892044067383
2014-04-28,31.42158317565918
2014-04-29,30.60736083984375
2014-04-30,30.96137046813965
2014-05-01,30.614442825317383
2014-05-02,30.833934783935547
2014-05-05,30.734800338745117
2014-05-06,30.543642044067383
2014-05-07,31.34369659423828
2014-05-08,31.20210075378418
2014-05-09,31.428665161132812
2014-05-12,31.626901626586914
2014-05-13,31.54148292541504
2014-05-14,31.214035034179688
2014-05-15,30.986238479614258
2014-05-16,31.19269561767578
2014-05-19,31.24250602722168
2014-05-20,30.843887329101562
2014-05-21,31.221155166625977
2014-05-22,31.071683883666992
2014-05-23,31.007604598999023
2014-05-27,31.54861068725586
2014-05-28,31.527250289916992
2014-05-29,31.776382446289062
2014-05-30,31.989927291870117
2014-06-02,31.925880432128906
2014-06-03,31.5699520111084
2014-06-04,31.54148292541504
2014-06-05,32.01129150390625
2014-06-06,32.1607666015625
2014-06-09,32.1323127746582
2014-06-10,32.1323127746582
2014-06-11,31.790618896484375
2014-06-12,30.94353485107422
2014-06-13,31.20693588256836
2014-06-16,31.4774227142334
2014-06-17,31.61266326904297
2014-06-18,31.626893997192383
2014-06-19,32.11806869506836
2014-06-20,31.940101623535156
2014-06-23,32.01840591430664
2014-06-24,31.520137786865234
2014-06-25,31.24250602722168
2014-06-26,31.2709903717041
2014-06-27,31.19269561767578
2014-06-30,31.399112701416016
2014-07-01,31.925880432128906
2014-07-02,32.26044464111328
2014-07-03,32.58076095581055
2014-07-07,33.10041427612305
2014-07-08,32.70177459716797
2014-07-09,32.85126495361328
2014-07-10,33.7054557800293
2014-07-11,34.06138229370117
2014-07-14,34.21799087524414
2014-07-15,33.84071731567383
2014-07-16,33.997310638427734
2014-07-17,33.684112548828125
2014-07-18,34.239349365234375
2014-07-21,34.225101470947266
2014-07-22,34.310516357421875
2014-07-23,34.374595642089844
2014-07-24,34.474246978759766
2014-07-25,34.253570556640625
2014-07-28,34.21799087524414
2014-07-29,33.86206817626953
2014-07-30,33.27124786376953
2014-07-31,33.02922821044922
2014-08-01,33.15024185180664
2014-08-04,33.42073059082031
2014-08-05,34.56678771972656
2014-08-06,34.62373352050781
2014-08-07,34.53831100463867
2014-08-08,34.90847396850586
2014-08-11,35.45658874511719
2014-08-12,35.3355712890625
2014-08-13,35.62030792236328
2014-08-14,35.57048416137695
2014-08-15,35.406768798828125
2014-08-18,35.44235610961914
2014-08-19,35.542484283447266
2014-08-20,35.62116241455078
2014-08-21,35.45664978027344
2014-08-22,35.149070739746094
2014-08-25,35.37797546386719
2014-08-26,35.19200897216797
2014-08-27,35.46380615234375
2014-08-28,35.58540344238281
2014-08-29,35.66408920288086
2014-09-02,35.80714416503906
2014-09-03,35.714168548583984
2014-09-04,35.907283782958984
2014-09-05,36.021728515625
2014-09-08,36.14332962036133
2014-09-09,36.09326934814453
2014-09-10,36.24346160888672
2014-09-11,36.42228317260742
2014-09-12,36.0574836730957
2014-09-15,36.1647834777832
2014-09-16,36.66548538208008
2014-09-17,36.62256622314453
2014-09-18,37.237709045410156
2014-09-19,36.973060607910156
2014-09-22,36.80854415893555
2014-09-23,36.31499099731445
2014-09-24,36.80854415893555
2014-09-25,36.10755157470703
2014-09-26,36.38651657104492
2014-09-29,36.694095611572266
2014-09-30,36.551029205322266
2014-10-01,36.05034255981445
2014-10-02,36.14332962036133
2014-10-03,36.558197021484375
2014-10-06,36.186248779296875
2014-10-07,35.45664978027344
2014-10-08,34.347957611083984
2014-10-09,33.71136474609375
2014-10-10,33.16059112548828
2014-10-13,32.01612854003906
2014-10-14,30.814462661743164
2014-10-15,30.7429256439209
2014-10-16,30.878828048706055
2014-10-17,31.83014678955078
2014-10-20,32.47392272949219
2014-10-21,32.68849182128906
2014-10-22,32.73142623901367
2014-10-23,32.57406234741211
2014-10-24,32.6026611328125
2014-10-27,31.915992736816406
2014-10-28,32.68134689331055
2014-10-29,32.77433776855469
2014-10-30,33.31795120239258
2014-10-31,33.61836624145508
2014-11-03,33.79719924926758
2014-11-04,35.43519592285156
2014-11-05,35.98596954345703
2014-11-06,35.74277114868164
2014-11-07,36.157623291015625
2014-11-10,36.31499099731445
2014-11-11,36.565338134765625
2014-11-12,36.27207565307617
2014-11-13,36.3436164855957
2014-11-14,36.729862213134766
2014-11-17,37.187644958496094
2014-11-18,37.37447738647461
2014-11-19,37.525386810302734
2014-11-20,37.77689743041992
2014-11-21,37.87750244140625
2014-11-24,38.04996109008789
2014-11-25,38.03561019897461
2014-11-26,38.21524429321289
2014-11-28,37.85593795776367
2014-12-01,37.69783401489258
2014-12-02,38.308650970458984
2014-12-03,38.596099853515625
2014-12-04,37.92780685424805
2014-12-05,38.26554489135742
2014-12-08,37.69783401489258
2014-12-09,38.1146354675293
2014-12-10,36.842708587646484
2014-12-11,36.57683181762695
2014-12-12,35.82229995727539
2014-12-15,35.80793762207031
2014-12-16,35.44142532348633
2014-12-17,35.671390533447266
2014-12-18,36.763675689697266
2014-12-19,37.53975296020508
2014-12-22,37.88469314575195
2014-12-23,38.208045959472656
2014-12-24,38.164955139160156
2014-12-26,38.38771438598633
2014-12-29,38.17931365966797
2014-12-30,38.00685119628906
2014-12-31,37.36729049682617
2015-01-02,37.38165283203125
2015-01-05,36.08817672729492
2015-01-06,35.37676239013672
2015-01-07,35.90854263305664
2015-01-08,35.38395309448242
2015-01-09,35.08213424682617
2015-01-12,34.643795013427734
2015-01-13,34.694095611572266
2015-01-14,34.09765625
2015-01-15,33.92518615722656
2015-01-16,34.262935638427734
2015-01-20,33.91800308227539
2015-01-21,34.277305603027344
2015-01-22,34.55037307739258
2015-01-23,34.39946365356445
2015-01-26,34.70127868652344
2015-01-27,34.694095611572266
2015-01-28,34.12639617919922
2015-01-29,34.43539047241211
2015-01-30,33.508392333984375
2015-02-02,34.615047454833984
2015-02-03,35.03902053833008
2015-02-04,33.16347122192383
2015-02-05,34.98153305053711
2015-02-06,34.176700592041016
2015-02-09,34.04734802246094
2015-02-10,34.19108200073242
2015-02-11,33.71678924560547
2015-02-12,34.29512405395508
2015-02-13,34.77225112915039
2015-02-17,34.5337028503418
2015-02-18,34.490318298339844
2015-02-19,34.54092025756836
2015-02-20,34.80839920043945
2015-02-23,34.88792419433594
2015-02-24,35.16986083984375
2015-02-25,34.77225112915039
2015-02-26,34.37466049194336
2015-02-27,34.61320877075195
2015-03-02,34.591522216796875
2015-03-03,34.352970123291016
2015-03-04,34.034881591796875
2015-03-05,34.32404327392578
2015-03-06,33.434852600097656
2015-03-09,33.53605270385742
2015-03-10,32.90713119506836
2015-03-11,32.89267349243164
2015-03-12,33.716800689697266
2015-03-13,33.47099685668945
2015-03-16,33.60834884643555
2015-03-17,33.434852600097656
2015-03-18,34.09993362426758
2015-03-19,33.60834884643555
2015-03-20,33.94090270996094
2015-03-23,34.071006774902344
2015-03-24,33.94812774658203
2015-03-25,33.76741027832031
2015-03-26,33.47099685668945
2015-03-27,33.58666229248047
2015-03-30,34.28066635131836
2015-03-31,34.266212463378906
2015-04-01,34.28789138793945
2015-04-02,34.23006057739258
2015-04-06,34.93851852416992
2015-04-07,34.81562042236328
2015-04-08,34.93851852416992
2015-04-09,34.6276741027832
2015-04-10,34.67104721069336
2015-04-13,34.61320877075195
2015-04-14,34.70719528198242
2015-04-15,34.9891357421875
2015-04-16,34.91682815551758
2015-04-17,34.902381896972656
2015-04-20,34.91682815551758
2015-04-21,34.656585693359375
2015-04-22,34.77225112915039
2015-04-23,34.89514923095703
2015-04-24,34.85177230834961
2015-04-27,35.14094924926758
2015-04-28,35.26382827758789
2015-04-29,35.38673400878906
2015-04-30,35.33613204956055
2015-05-01,35.98674774169922
2015-05-04,36.37712478637695
2015-05-05,36.3988037109375
2015-05-06,36.10240936279297
2015-05-07,36.37712478637695
2015-05-08,37.049442291259766
2015-05-11,37.30247116088867
2015-05-12,37.53379821777344
2015-05-13,37.7072868347168
2015-05-14,38.227783203125
2015-05-15,38.343448638916016
2015-05-18,38.40851974487305
2015-05-19,38.168697357177734
2015-05-20,38.103275299072266
2015-05-21,38.459381103515625
2015-05-22,38.2776985168457
2015-05-26,37.89979553222656
2015-05-27,38.64106750488281
2015-05-28,38.27043533325195
2015-05-29,38.40851593017578
2015-06-01,38.53934097290039
2015-06-02,38.34311294555664
2015-06-03,38.12507629394531
2015-06-04,37.34746551513672
2015-06-05,37.0713005065918
2015-06-08,37.0713005065918
2015-06-09,37.0713005065918
2015-06-10,37.943397521972656
2015-06-11,37.834388732910156
2015-06-12,37.725364685058594
2015-06-15,37.26024627685547
2015-06-16,37.391082763671875
2015-06-17,37.02043533325195
2015-06-18,37.33293151855469
2015-06-19,37.42741394042969
2015-06-22,37.783512115478516
2015-06-23,37.790771484375
2015-06-24,37.391082763671875
2015-06-25,36.84602737426758
2015-06-26,36.0247917175293
2015-06-29,35.21083068847656
2015-06-30,35.0436897277832
2015-07-01,35.34892654418945
2015-07-02,35.3561897277832
2015-07-06,34.94920349121094
2015-07-07,34.98554992675781
2015-07-08,34.52770233154297
2015-07-09,34.22246170043945
2015-07-10,34.309661865234375
2015-07-13,34.520423889160156
2015-07-14,34.73119354248047
2015-07-15,34.491363525390625
2015-07-16,34.77478790283203
2015-07-17,34.898338317871094
2015-07-20,34.91287612915039
2015-07-21,34.51315689086914
2015-07-22,34.651248931884766
2015-07-23,34.898338317871094
2015-07-24,34.29513931274414
2015-07-27,34.346004486083984
2015-07-28,35.138160705566406
2015-07-29,34.978275299072266
2015-07-30,34.75299072265625
2015-07-31,34.4622802734375
2015-08-03,34.665775299072266
2015-08-04,35.181766510009766
2015-08-05,35.0436897277832
2015-08-06,34.84745788574219
2015-08-07,33.73554229736328
2015-08-10,33.81548309326172
2015-08-11,33.48119354248047
2015-08-12,34.07711410522461
2015-08-13,34.52770233154297
2015-08-14,34.302406311035156
2015-08-17,34.73374557495117
2015-08-18,34.858036041259766
2015-08-19,34.15618133544922
2015-08-20,33.77602005004883
2015-08-21,32.9864616394043
2015-08-24,31.838659286499023
2015-08-25,31.443872451782227
2015-08-26,32.16032791137695
2015-08-27,32.77444839477539
2015-08-28,32.64284896850586
2015-08-31,32.891422271728516
2015-09-01,31.68513298034668
2015-09-02,31.889835357666016
2015-09-03,31.984878540039062
2015-09-04,31.363445281982422
2015-09-08,31.948322296142578
2015-09-09,31.42925262451172
2015-09-10,31.48042869567871
2015-09-11,31.304960250854492
2015-09-14,31.385393142700195
2015-09-15,31.780168533325195
2015-09-16,32.306556701660156
2015-09-17,32.35039520263672
2015-09-18,31.60470962524414
2015-09-21,31.714366912841797
2015-09-22,31.034460067749023
2015-09-23,30.749340057373047
2015-09-24,30.72010040283203
2015-09-25,31.07102394104004
2015-09-28,30.040185928344727
2015-09-29,29.989013671875
2015-09-30,30.30338478088379
2015-10-01,30.31068992614746
2015-10-02,31.01253318786621
2015-10-05,31.90445327758789
2015-10-06,31.90445327758789
2015-10-07,32.39427947998047
2015-10-08,32.9937629699707
2015-10-09,33.20577621459961
2015-10-12,33.22039794921875
2015-10-13,32.84022521972656
2015-10-14,32.86948776245117
2015-10-15,33.30813217163086
2015-10-16,33.60056686401367
2015-10-19,33.60789108276367
2015-10-20,33.41047668457031
2015-10-21,33.110740661621094
2015-10-22,34.141563415527344
2015-10-23,34.28047561645508
2015-10-26,33.91492462158203
2015-10-27,33.80526351928711
2015-10-28,34.21466827392578
2015-10-29,33.28619384765625
2015-10-30,33.38124465942383
2015-11-02,33.834503173828125
2015-11-03,31.546215057373047
2015-11-04,31.451183319091797
2015-11-05,31.48773193359375
2015-11-06,30.80052375793457
2015-11-09,30.35455322265625
2015-11-10,29.703887939453125
2015-11-11,29.616165161132812
2015-11-12,28.15399742126465
2015-11-13,27.605684280395508
2015-11-16,28.16545867919922
2015-11-17,27.399450302124023
2015-11-18,27.554122924804688
2015-11-19,26.83230972290039
2015-11-20,26.390378952026367
2015-11-23,27.04591178894043
2015-11-24,26.54506492614746
2015-11-25,26.861774444580078
2015-11-27,26.854406356811523
2015-11-30,26.876506805419922
2015-12-01,27.03118133544922
2015-12-02,26.898603439331055
2015-12-03,26.22834587097168
2015-12-04,26.493492126464844
2015-12-07,26.081039428710938
2015-12-08,25.977922439575195
2015-12-09,26.081039428710938
2015-12-10,25.84534454345703
2015-12-11,25.20454978942871
2015-12-14,25.175092697143555
2015-12-15,25.67594337463379
2015-12-16,26.07367706298828
2015-12-17,25.25611114501953
2015-12-18,25.779056549072266
2015-12-21,26.007387161254883
2015-12-22,26.817583084106445
2015-12-23,27.016443252563477
2015-12-24,26.99435806274414
2015-12-28,26.88387107849121
2015-12-29,27.318439483642578
2015-12-30,27.163759231567383
2015-12-31,27.016443252563477
2016-01-04,26.397747039794922
2016-01-05,26.692373275756836
2016-01-06,26.044206619262695
2016-01-07,25.425512313842773
2016-01-08,25.329763412475586
2016-01-11,25.16036033630371
2016-01-12,25.241374969482422
2016-01-13,24.652141571044922
2016-01-14,24.571125030517578
2016-01-15,23.208513259887695
2016-01-19,22.471969604492188
2016-01-20,23.046478271484375
2016-01-21,23.510499954223633
2016-01-22,24.475372314453125
2016-01-25,23.886140823364258
2016-01-26,24.76999282836914
2016-01-27,24.85101318359375
2016-01-28,25.55808448791504
2016-01-29,26.036848068237305
2016-02-01,26.117870330810547
2016-02-02,23.83457374572754
2016-02-03,24.63004493713379
2016-02-04,25.22664451599121
2016-02-05,25.094072341918945
2016-02-08,24.52692985534668
2016-02-09,24.73316192626953
2016-02-10,24.438541412353516
2016-02-11,23.509464263916016
2016-02-12,24.118938446044922
2016-02-16,24.988557815551758
2016-02-17,24.825044631958008
2016-02-18,25.196674346923828
2016-02-19,24.26759147644043
2016-02-22,25.114912033081055
2016-02-23,25.114912033081055
2016-02-24,25.159509658813477
2016-02-25,25.731821060180664
2016-02-26,25.858177185058594
2016-02-29,25.984535217285156
2016-03-01,26.371036529541016
2016-03-02,26.63117027282715
2016-03-03,27.37444496154785
2016-03-04,27.983922958374023
2016-03-07,27.6048526763916
2016-03-08,26.779830932617188
2016-03-09,26.802127838134766
2016-03-10,26.58658218383789
2016-03-11,27.203487396240234
2016-03-14,27.285247802734375
2016-03-15,27.17376136779785
2016-03-16,27.84269905090332
2016-03-17,28.392711639404297
2016-03-18,28.29608917236328
2016-03-21,28.370418548583984
2016-03-22,27.954193115234375
2016-03-23,27.203487396240234
2016-03-24,27.106870651245117
2016-03-28,27.017677307128906
2016-03-29,27.4041748046875
2016-03-30,27.218351364135742
2016-03-31,26.987945556640625
2016-04-01,27.106870651245117
2016-04-04,26.787261962890625
2016-04-05,26.096027374267578
2016-04-06,26.41562843322754
2016-04-07,26.54941749572754
2016-04-08,26.824430465698242
2016-04-11,26.757535934448242
2016-04-12,27.37444496154785
2016-04-13,27.6048526763916
2016-04-14,27.196043014526367
2016-04-15,27.723772048950195
2016-04-18,28.028514862060547
2016-04-19,28.41499900817871
2016-04-20,28.890697479248047
2016-04-21,28.504201889038086
2016-04-22,29.44815444946289
2016-04-25,29.180570602416992
2016-04-26,29.5299072265625
2016-04-27,29.663692474365234
2016-04-28,29.78261947631836
2016-04-29,29.68598747253418
2016-05-02,29.92384147644043
2016-05-03,29.061655044555664
2016-05-04,28.779207229614258
2016-05-05,28.30352783203125
2016-05-06,28.392711639404297
2016-05-09,28.043384552001953
2016-05-10,28.541364669799805
2016-05-11,28.21433448791504
2016-05-12,28.645418167114258
2016-05-13,27.969043731689453
2016-05-16,28.208812713623047
2016-05-17,28.08893394470215
2016-05-18,28.10390853881836
2016-05-19,28.748260498046875
2016-05-20,29.842153549194336
2016-05-23,30.299175262451172
2016-05-24,31.50544548034668
2016-05-25,31.827632904052734
2016-05-26,32.26968765258789
2016-05-27,32.38955307006836
2016-05-31,32.044898986816406
2016-06-01,32.08985900878906
2016-06-02,32.56937789916992
2016-06-03,32.666778564453125
2016-06-06,32.71921920776367
2016-06-07,32.71173858642578
2016-06-08,32.83161163330078
2016-06-09,32.8390998840332
2016-06-10,32.239707946777344
2016-06-13,31.333131790161133
2016-06-14,31.30316162109375
2016-06-15,31.58037567138672
2016-06-16,31.50544548034668
2016-06-17,31.70026206970215
2016-06-20,31.805150985717773
2016-06-21,31.423036575317383
2016-06-22,31.468002319335938
2016-06-23,31.99994659423828
2016-06-24,30.344135284423828
2016-06-27,29.325183868408203
2016-06-28,30.38909149169922
2016-06-29,31.15330696105957
2016-06-30,32.13481521606445
2016-07-01,31.925031661987305
2016-07-05,31.430526733398438
2016-07-06,31.557905197143555
2016-07-07,31.557905197143555
2016-07-08,32.57685470581055
2016-07-11,32.33710861206055
2016-07-12,32.43450927734375
2016-07-13,32.29216003417969
2016-07-14,32.57685470581055
2016-07-15,32.929012298583984
2016-07-18,33.153770446777344
2016-07-19,32.57685470581055
2016-07-20,32.50942611694336
2016-07-21,32.50942611694336
2016-07-22,32.756683349609375
2016-07-25,32.666778564453125
2016-07-26,32.86906433105469
2016-07-27,32.89154815673828
2016-07-28,33.67076110839844
2016-07-29,33.775638580322266
2016-08-01,33.14628982543945
2016-08-02,32.55439376831055
2016-08-03,32.91402816772461
2016-08-04,32.771671295166016
2016-08-05,33.30363082885742
2016-08-08,33.3560676574707
2016-08-09,33.251190185546875
2016-08-10,33.1987419128418
2016-08-11,32.91402816772461
2016-08-12,33.0189208984375
2016-08-15,33.01891326904297
2016-08-16,32.7925910949707
2016-08-17,32.91330337524414
2016-08-18,32.8680305480957
2016-08-19,32.80014419555664
2016-08-22,33.041542053222656
2016-08-23,33.2829475402832
2016-08-24,32.67945098876953
2016-08-25,32.10612487792969
2016-08-26,31.97789192199707
2016-08-29,32.31734848022461
2016-08-30,32.59646224975586
2016-08-31,33.01136779785156
2016-09-01,32.54365921020508
2016-09-02,33.05663299560547
2016-09-06,33.14715576171875
2016-09-07,33.20751190185547
2016-09-08,32.619102478027344
2016-09-09,31.69876480102539
2016-09-12,32.40787124633789
2016-09-13,31.68367576599121
2016-09-14,31.6685791015625
2016-09-15,31.894899368286133
2016-09-16,31.706308364868164
2016-09-19,31.819454193115234
2016-09-20,31.79682731628418
2016-09-21,32.294708251953125
2016-09-22,32.422969818115234
2016-09-23,32.03823471069336
2016-09-26,31.608226776123047
2016-09-27,31.6007022857666
2016-09-28,31.570512771606445
2016-09-29,31.329120635986328
2016-09-30,31.811922073364258
2016-10-03,32.36261749267578
2016-10-04,32.279624938964844
2016-10-05,32.641719818115234
2016-10-06,32.55874252319336
2016-10-07,32.174015045166016
2016-10-10,32.641719818115234
2016-10-11,31.94017219543457
2016-10-12,31.97789192199707
2016-10-13,31.872268676757812
2016-10-14,31.781749725341797
2016-10-17,31.570512771606445
2016-10-18,31.6685791015625
2016-10-19,31.84964370727539
2016-10-20,31.819454193115234
2016-10-21,31.925073623657227
2016-10-24,32.068397521972656
2016-10-25,32.08349609375
2016-10-26,32.6492805480957
2016-10-27,32.4984016418457
2016-10-28,32.88312911987305
2016-10-31,32.8680305480957
2016-11-01,35.26694869995117
2016-11-02,35.651676177978516
2016-11-03,35.77992248535156
2016-11-04,35.39518356323242
2016-11-07,35.49325942993164
2016-11-08,35.998687744140625
2016-11-09,34.91238784790039
2016-11-10,34.08258056640625
2016-11-11,31.47999382019043
2016-11-14,32.58176803588867
2016-11-15,33.045265197753906
2016-11-16,32.87049102783203
2016-11-17,32.67293167114258
2016-11-18,33.045265197753906
2016-11-21,33.166839599609375
2016-11-22,33.060455322265625
2016-11-23,32.86289596557617
2016-11-25,33.09083938598633
2016-11-28,32.75651931762695
2016-11-29,32.4981803894043
2016-11-30,32.847713470458984
2016-12-01,33.66831588745117
2016-12-02,33.43277359008789
2016-12-05,33.356781005859375
2016-12-06,33.949462890625
2016-12-07,34.344573974609375
2016-12-08,34.929649353027344
2016-12-09,35.37795639038086
2016-12-12,35.72748565673828
2016-12-13,35.256385803222656
2016-12-14,34.64091110229492
2016-12-15,34.754878997802734
2016-12-16,35.3399543762207
2016-12-19,35.0056266784668
2016-12-20,35.11961364746094
2016-12-21,35.051212310791016
2016-12-22,34.329368591308594
2016-12-23,34.306583404541016
2016-12-27,34.6865119934082
2016-12-28,34.45096969604492
2016-12-29,34.466156005859375
2016-12-30,34.6865119934082
2017-01-03,35.09681701660156
2017-01-04,35.0360221862793
2017-01-05,34.777671813964844
2017-01-06,33.97985076904297
2017-01-09,34.00265121459961
2017-01-10,33.78229904174805
2017-01-11,33.440372467041016
2017-01-12,33.007266998291016
2017-01-13,33.098445892333984
2017-01-17,33.957061767578125
2017-01-18,34.15461730957031
2017-01-19,33.81268310546875
2017-01-20,33.98744201660156
2017-01-23,33.97226333618164
2017-01-24,33.934268951416016
2017-01-25,34.344573974609375
2017-01-26,33.850677490234375
2017-01-27,33.8278923034668
2017-01-30,33.531551361083984
2017-01-31,33.63032150268555
2017-02-01,33.257999420166016
2017-02-02,33.4251708984375
2017-02-03,33.4251708984375
2017-02-06,33.44796371459961
2017-02-07,33.881065368652344
2017-02-08,33.0224494934082
2017-02-09,33.083248138427734
2017-02-10,33.30360412597656
2017-02-13,33.212425231933594
2017-02-14,33.227622985839844
2017-02-15,33.78989028930664
2017-02-16,33.751625061035156
2017-02-17,34.203182220458984
2017-02-21,34.29501724243164
2017-02-22,34.22613525390625
2017-02-23,34.50931930541992
2017-02-24,34.63943862915039
2017-02-27,34.723609924316406
2017-02-28,35.94816970825195
2017-03-01,35.596092224121094
2017-03-02,34.80780792236328
2017-03-03,34.593509674072266
2017-03-06,34.25674819946289
2017-03-07,34.02714920043945
2017-03-08,33.66744613647461
2017-03-09,33.99654769897461
2017-03-10,34.4710578918457
2017-03-13,34.21084213256836
2017-03-14,34.187870025634766
2017-03-15,34.44808578491211
2017-03-16,34.32563781738281
2017-03-17,34.22613525390625
2017-03-20,34.32563781738281
2017-03-21,34.40216827392578
2017-03-22,34.907291412353516
2017-03-23,34.907291412353516
2017-03-24,34.884334564208984
2017-03-27,34.70829772949219
2017-03-28,34.991477966308594
2017-03-29,35.389461517333984
2017-03-30,35.28997039794922
2017-03-31,35.23640060424805
2017-04-03,35.052711486816406
2017-04-04,34.75423049926758
2017-04-05,34.63943862915039
2017-04-06,34.631778717041016
2017-04-07,34.356258392333984
2017-04-10,34.43278503417969
2017-04-11,34.088382720947266
2017-04-12,34.17256546020508
2017-04-13,33.88938522338867
2017-04-17,34.195526123046875
2017-04-18,34.75423049926758
2017-04-19,34.13430404663086
2017-04-20,34.3639030456543
2017-04-21,34.29501724243164
2017-04-24,34.73126983642578
2017-04-25,34.884334564208984
2017-04-26,34.64707946777344
2017-04-27,35.03739929199219
2017-04-28,35.01443862915039
2017-05-01,34.99913024902344
2017-05-02,31.89185905456543
2017-05-03,31.61631965637207
2017-05-04,32.45054244995117
2017-05-05,32.47350311279297
2017-05-08,32.879146575927734
2017-05-09,32.41992950439453
2017-05-10,32.366355895996094
2017-05-11,32.16736602783203
2017-05-12,32.11380386352539
2017-05-15,32.251556396484375
2017-05-16,32.31324768066406
2017-05-17,32.02021026611328
2017-05-18,31.858243942260742
2017-05-19,32.0047721862793
2017-05-22,32.0047721862793
2017-05-23,33.192420959472656
2017-05-24,32.81452560424805
2017-05-25,32.86851501464844
2017-05-26,32.73740768432617
2017-05-30,32.47520446777344
2017-05-31,32.06646728515625
2017-06-01,32.25156021118164
2017-06-02,32.560035705566406
2017-06-05,32.34409713745117
2017-06-06,32.351810455322266
2017-06-07,32.320960998535156
2017-06-08,32.39809036254883
2017-06-09,32.40579605102539
2017-06-12,32.72198486328125
2017-06-13,32.667999267578125
2017-06-14,32.42892837524414
2017-06-15,32.667999267578125
2017-06-16,32.82224655151367
2017-06-19,32.72970962524414
2017-06-20,31.989349365234375
2017-06-21,31.81196403503418
2017-06-22,31.642295837402344
2017-06-23,31.742565155029297
2017-06-26,31.85053062438965
2017-06-27,31.61917495727539
2017-06-28,31.727134704589844
2017-06-29,31.33383560180664
2017-06-30,31.9122314453125
2017-07-03,31.97393226623535
2017-07-05,32.236122131347656
2017-07-06,31.6962947845459
2017-07-07,31.80426025390625
2017-07-10,31.472640991210938
2017-07-11,31.071630477905273
2017-07-12,31.542062759399414
2017-07-13,31.9122314453125
2017-07-14,31.989349365234375
2017-07-17,32.08189392089844
2017-07-18,31.75799560546875
2017-07-19,31.835121154785156
2017-07-20,31.94307518005371
2017-07-21,31.81968116760254
2017-07-24,31.9122314453125
2017-07-25,32.359535217285156
2017-07-26,32.16672134399414
2017-07-27,32.220706939697266
2017-07-28,32.220706939697266
2017-07-31,32.52919387817383
2017-08-01,33.392940521240234
2017-08-02,32.76826477050781
2017-08-03,32.86851501464844
2017-08-04,32.84538269042969
2017-08-07,32.72970962524414
2017-08-08,32.57546615600586
2017-08-09,32.76826477050781
2017-08-10,32.4829216003418
2017-08-11,31.81968116760254
2017-08-14,32.351810455322266
2017-08-15,32.67820358276367
2017-08-16,32.755916595458984
2017-08-17,32.382911682128906
2017-08-18,32.072052001953125
2017-08-21,32.297420501708984
2017-08-22,32.421756744384766
2017-08-23,32.46060562133789
2017-08-24,31.924396514892578
2017-08-25,32.445068359375
2017-08-28,32.46060562133789
2017-08-29,32.437294006347656
2017-08-30,32.530548095703125
2017-08-31,32.11090850830078
2017-09-01,32.79478073120117
2017-09-05,32.59272003173828
2017-09-06,32.9501953125
2017-09-07,33.097862243652344
2017-09-08,32.9268913269043
2017-09-11,33.25328063964844
2017-09-12,33.579673767089844
2017-09-13,33.641845703125
2017-09-14,33.76618957519531
2017-09-15,34.06927490234375
2017-09-18,34.263545989990234
2017-09-19,34.108123779296875
2017-09-20,33.665157318115234
2017-09-21,33.641845703125
2017-09-22,33.71178436279297
2017-09-25,33.859432220458984
2017-09-26,33.820579528808594
2017-09-27,33.45533752441406
2017-09-28,33.222190856933594
2017-09-29,33.03568649291992
2017-10-02,33.12117004394531
2017-10-03,33.19888687133789
2017-10-04,33.439788818359375
2017-10-05,33.688472747802734
2017-10-06,33.41646957397461
2017-10-09,33.1133918762207
2017-10-10,33.42425537109375
2017-10-11,33.641845703125
2017-10-12,33.758419036865234
2017-10-13,34.193607330322266
2017-10-16,33.96047592163086
2017-10-17,33.93716049194336
2017-10-18,33.657386779785156
2017-10-19,33.657386779785156
2017-10-20,33.797271728515625
2017-10-23,33.859432220458984
2017-10-24,33.983787536621094
2017-10-25,33.758419036865234
2017-10-26,33.42425537109375
2017-10-27,33.47088623046875
2017-10-30,33.268829345703125
2017-10-31,31.761201858520508
2017-11-01,31.566923141479492
2017-11-02,31.20943832397461
2017-11-03,30.91413688659668
2017-11-06,30.51779556274414
2017-11-07,30.727617263793945
2017-11-08,30.929672241210938
2017-11-09,30.77423858642578
2017-11-10,31.03069496154785
2017-11-13,30.883045196533203
2017-11-14,30.921892166137695
2017-11-15,30.52235221862793
2017-11-16,30.702537536621094
2017-11-17,30.882728576660156
2017-11-20,30.71037483215332
2017-11-21,30.82005500793457
2017-11-22,30.741714477539062
2017-11-24,30.663372039794922
2017-11-27,30.608522415161133
2017-11-28,30.624197006225586
2017-11-29,31.156919479370117
2017-11-30,31.243104934692383
2017-12-01,31.98735809326172
2017-12-04,32.27722930908203
2017-12-05,31.995193481445312
2017-12-06,32.29289627075195
2017-12-07,32.363407135009766
2017-12-08,32.520084381103516
2017-12-11,32.82563400268555
2017-12-12,32.72378158569336
2017-12-13,31.37628173828125
2017-12-14,31.000242233276367
2017-12-15,31.775835037231445
2017-12-18,31.509469985961914
2017-12-19,31.438962936401367
2017-12-20,31.235275268554688
2017-12-21,31.407621383666992
2017-12-22,31.485965728759766
2017-12-26,31.540802001953125
2017-12-27,31.525135040283203
2017-12-28,31.54863929748535
2017-12-29,31.399782180786133
2018-01-02,31.407621383666992
2018-01-03,31.164758682250977
2018-01-04,31.68965721130371
2018-01-05,31.47813606262207
2018-01-08,31.407621383666992
2018-01-09,31.509469985961914
2018-01-10,31.266603469848633
2018-01-11,31.775835037231445
2018-01-12,31.72882652282715
2018-01-16,31.948183059692383
2018-01-17,32.05003356933594
2018-01-18,31.713165283203125
2018-01-19,32.089195251464844
2018-01-22,33.491554260253906
2018-01-23,33.38185501098633
2018-01-24,33.562049865722656
2018-01-25,33.601219177246094
2018-01-26,34.149627685546875
2018-01-29,33.773582458496094
2018-01-30,33.28001403808594
2018-01-31,33.64822769165039
2018-02-01,33.26434326171875
2018-02-02,32.45741653442383
2018-02-05,31.807170867919922
2018-02-06,32.90396499633789
2018-02-07,33.05282211303711
2018-02-08,32.394737243652344
2018-02-09,32.50443649291992
2018-02-12,32.332069396972656
2018-02-13,32.38690948486328
2018-02-14,32.762962341308594
2018-02-15,33.84408187866211
2018-02-16,34.053321838378906
2018-02-20,33.61116027832031
2018-02-21,33.2558708190918
2018-02-22,32.97163391113281
2018-02-23,33.61116027832031
2018-02-26,33.29535675048828
2018-02-27,32.87689208984375
2018-02-28,32.78215026855469
2018-03-01,32.56895446777344
2018-03-02,33.319034576416016
2018-03-05,33.72959899902344
2018-03-06,34.04541015625
2018-03-07,33.9743537902832
2018-03-08,34.17963790893555
2018-03-09,34.187538146972656
2018-03-12,35.15869140625
2018-03-13,34.929725646972656
2018-03-14,34.558624267578125
2018-03-15,34.15595245361328
2018-03-16,34.34544372558594
2018-03-19,33.998046875
2018-03-20,33.9269905090332
2018-03-21,33.6506462097168
2018-03-22,33.11375045776367
2018-03-23,33.20059585571289
2018-03-26,33.81645202636719
2018-03-27,33.848018646240234
2018-03-28,33.79275894165039
2018-03-29,34.24280548095703
2018-04-02,33.374290466308594
2018-04-03,34.04541015625
2018-04-04,34.661277770996094
2018-04-05,35.07972717285156
2018-04-06,35.00078201293945
2018-04-09,34.91392135620117
2018-04-10,34.850765228271484
2018-04-11,34.842857360839844
2018-04-12,35.76663589477539
2018-04-13,35.68769454956055
2018-04-16,35.90086364746094
2018-04-17,36.074546813964844
2018-04-18,36.042991638183594
2018-04-19,36.15351486206055
2018-04-20,35.92454528808594
2018-04-23,35.916648864746094
2018-04-24,35.65610122680664
2018-04-25,36.192989349365234
2018-04-26,36.20089340209961
2018-04-27,36.35880661010742
2018-04-30,35.82980728149414
2018-05-01,35.553466796875
2018-05-02,35.07972717285156
2018-05-03,34.42440414428711
2018-05-04,34.62969207763672
2018-05-07,34.495460510253906
2018-05-08,34.70075607299805
2018-05-09,34.50336456298828
2018-05-10,34.661277770996094
2018-05-11,34.72443389892578
2018-05-14,35.071834564208984
2018-05-15,35.06393814086914
2018-05-16,35.417964935302734
2018-05-17,35.72822952270508
2018-05-18,35.815731048583984
2018-05-21,35.9350700378418
2018-05-22,35.72822952270508
2018-05-23,35.64072036743164
2018-05-24,35.64866638183594
2018-05-25,35.44182205200195
2018-05-29,34.83720397949219
2018-05-30,35.22702407836914
2018-05-31,34.781517028808594
2018-06-01,34.861080169677734
2018-06-04,35.07587432861328
2018-06-05,35.18724060058594
2018-06-06,35.63276290893555
2018-06-07,35.55320358276367
2018-06-08,35.68050003051758
2018-06-11,36.2055549621582
2018-06-12,35.87938690185547
2018-06-13,36.022579193115234
2018-06-14,35.990753173828125
2018-06-15,36.61924743652344
2018-06-18,36.74653625488281
2018-06-19,36.65106201171875
2018-06-20,36.730621337890625
2018-06-21,36.59537124633789
2018-06-22,37.01702880859375
2018-06-25,36.80221176147461
2018-06-26,36.778350830078125
2018-06-27,36.8101692199707
2018-06-28,36.74653625488281
2018-06-29,36.46013259887695
2018-07-02,35.9827995300293
2018-07-03,36.324886322021484
2018-07-05,36.86586380004883
2018-07-06,37.160213470458984
2018-07-09,37.6057243347168
2018-07-10,38.13874816894531
2018-07-11,38.067142486572266
2018-07-12,38.1069221496582
2018-07-13,37.84439468383789
2018-07-16,37.52617263793945
2018-07-17,37.9637336730957
2018-07-18,37.63754653930664
2018-07-19,37.58981704711914
2018-07-20,37.48640060424805
2018-07-23,37.57390594482422
2018-07-24,37.62958526611328
2018-07-25,37.58185958862305
2018-07-26,37.95576858520508
2018-07-27,37.87621307373047
2018-07-30,37.66938018798828
2018-07-31,38.39331817626953
2018-08-01,38.27397918701172
2018-08-02,39.25252151489258
2018-08-03,39.7378044128418
2018-08-06,39.82532501220703
2018-08-07,39.976470947265625
2018-08-08,39.753719329833984
2018-08-09,39.96851348876953
2018-08-10,39.67416763305664
2018-08-13,39.236602783203125
2018-08-14,39.72984313964844
2018-08-15,39.59769058227539
2018-08-16,40.16634750366211
2018-08-17,40.486724853515625
2018-08-20,40.662940979003906
2018-08-21,40.6389045715332
2018-08-22,40.44667434692383
2018-08-23,40.454689025878906
2018-08-24,40.606849670410156
2018-08-27,40.670936584472656
2018-08-28,40.406620025634766
2018-08-29,40.3665885925293
2018-08-30,40.350563049316406
2018-08-31,40.3665885925293
2018-09-04,40.11029052734375
2018-09-05,39.91004943847656
2018-09-06,39.57366180419922
2018-09-07,39.49358367919922
2018-09-10,39.805931091308594
2018-09-11,39.84598159790039
2018-09-12,39.95810317993164
2018-09-13,40.04622268676758
2018-09-14,40.0782585144043
2018-09-17,39.87001037597656
2018-09-18,39.74186325073242
2018-09-19,39.99815368652344
2018-09-20,40.31052780151367
2018-09-21,40.30250930786133
2018-09-24,39.74186325073242
2018-09-25,39.757877349853516
2018-09-26,39.525604248046875
2018-09-27,39.605712890625
2018-09-28,40.26246643066406
2018-10-01,40.134307861328125
2018-10-02,40.374595642089844
2018-10-03,40.406620025634766
2018-10-04,40.41463851928711
2018-10-05,40.903202056884766
2018-10-08,41.47987365722656
2018-10-09,41.20756149291992
2018-10-10,40.158348083496094
2018-10-11,38.98099136352539
2018-10-12,39.10913848876953
2018-10-15,39.27733612060547
2018-10-16,39.48556900024414
2018-10-17,39.26932144165039
2018-10-18,39.413482666015625
2018-10-19,39.67778396606445
2018-10-22,39.173213958740234
2018-10-23,39.293338775634766
2018-10-24,38.24413299560547
2018-10-25,38.36427307128906
2018-10-26,37.2109375
2018-10-29,37.65144348144531
2018-10-30,38.444366455078125
2018-10-31,37.84367370605469
2018-11-01,39.02103042602539
2018-11-02,38.444366455078125
2018-11-05,38.52445602416992
2018-11-06,37.907752990722656
2018-11-07,38.68463897705078
2018-11-08,38.90088653564453
2018-11-09,38.65260314941406
2018-11-12,38.39630889892578
2018-11-13,38.460384368896484
2018-11-14,37.32307815551758
2018-11-15,36.946632385253906
2018-11-16,37.146873474121094
2018-11-19,37.09081268310547
2018-11-20,36.5702018737793
2018-11-21,36.792083740234375
2018-11-23,36.46935272216797
2018-11-26,36.72753143310547
2018-11-27,37.17129898071289
2018-11-28,37.11482238769531
2018-11-29,37.14710235595703
2018-11-30,37.130958557128906
2018-12-03,37.79256820678711
2018-12-04,36.80015182495117
2018-12-06,36.73560333251953
2018-12-07,35.87228775024414
2018-12-10,35.977176666259766
2018-12-11,35.94489288330078
2018-12-12,36.461280822753906
2018-12-13,36.251495361328125
2018-12-14,35.993316650390625
2018-12-17,35.000892639160156
2018-12-18,34.5651969909668
2018-12-19,34.210182189941406
2018-12-20,33.26618957519531
2018-12-21,32.91923522949219
2018-12-24,31.96714973449707
2018-12-26,32.81434631347656
2018-12-27,33.04832458496094
2018-12-28,32.90309524536133
2018-12-31,33.05640411376953
2019-01-02,33.040252685546875
2019-01-03,32.89503860473633
2019-01-04,33.6534538269043
2019-01-07,33.822906494140625
2019-01-08,34.452232360839844
2019-01-09,34.75076675415039
2019-01-10,34.992820739746094
2019-01-11,34.82338333129883
2019-01-14,34.57326889038086
2019-01-15,35.08156967163086
2019-01-16,34.93634033203125
2019-01-17,35.02509689331055
2019-01-18,35.710914611816406
2019-01-22,35.14612579345703
2019-01-23,35.267147064208984
2019-01-24,35.2348747253418
2019-01-25,35.27522277832031
2019-01-28,35.6382942199707
2019-01-29,35.670562744140625
2019-01-30,36.05785369873047
2019-01-31,36.22730255126953
2019-02-01,36.21923065185547
2019-02-04,35.89649200439453
2019-02-05,33.76641082763672
2019-02-06,33.78255844116211
2019-02-07,33.40333938598633
2019-02-08,33.693809509277344
2019-02-11,33.8955192565918
2019-02-12,34.16177749633789
2019-02-13,34.210182189941406
2019-02-14,34.081092834472656
2019-02-15,34.15430450439453
2019-02-19,34.04853820800781
2019-02-20,34.146175384521484
2019-02-21,34.63433074951172
2019-02-22,34.56924057006836
2019-02-25,34.52042770385742
2019-02-26,34.430931091308594
2019-02-27,34.675010681152344
2019-02-28,34.577369689941406
2019-03-01,34.52042770385742
2019-03-04,34.365848541259766
2019-03-05,34.373985290527344
2019-03-06,34.276344299316406
2019-03-07,34.308895111083984
2019-03-08,34.105499267578125
2019-03-11,34.8539924621582
2019-03-12,34.91094207763672
2019-03-13,35.20384216308594
2019-03-14,35.268924713134766
2019-03-15,35.13063049316406
2019-03-18,34.56109619140625
2019-03-19,34.992313385009766
2019-03-20,34.41466522216797
2019-03-21,34.88655090332031
2019-03-22,34.675010681152344
2019-03-25,34.45533752441406
2019-03-26,34.406524658203125
2019-03-27,34.56924057006836
2019-03-28,34.756370544433594
2019-03-29,35.089935302734375
2019-04-01,34.72382354736328
2019-04-02,34.38210678100586
2019-04-03,34.349571228027344
2019-04-04,34.764503479003906
2019-04-05,34.92721939086914
2019-04-08,35.05738830566406
2019-04-09,34.805179595947266
2019-04-10,35.17942810058594
2019-04-11,35.220096588134766
2019-04-12,35.293331146240234
2019-04-15,35.26078796386719
2019-04-16,34.967899322509766
2019-04-17,35.01671600341797
2019-04-18,34.78891372680664
2019-04-22,34.70755386352539
2019-04-23,34.74008560180664
2019-04-24,34.805179595947266
2019-04-25,33.942779541015625
2019-04-26,33.28377151489258
2019-04-29,35.20384216308594
2019-04-30,36.28590393066406
2019-05-01,35.85471725463867
2019-05-02,35.42350769042969
2019-05-03,35.52927017211914
2019-05-06,35.05738830566406
2019-05-07,34.748233795166016
2019-05-08,34.512298583984375
2019-05-09,34.626197814941406
2019-05-10,34.52042770385742
2019-05-13,33.10478210449219
2019-05-14,33.5233154296875
2019-05-15,33.630001068115234
2019-05-16,33.859779357910156
2019-05-17,33.3838005065918
2019-05-20,32.67805480957031
2019-05-21,32.97349166870117
2019-05-22,32.76011657714844
2019-05-23,32.17745590209961
2019-05-24,32.136417388916016
2019-05-28,31.66045570373535
2019-05-29,31.627628326416016
2019-05-30,31.561973571777344
2019-05-31,31.447080612182617
2019-06-03,31.988712310791016
2019-06-04,32.52212905883789
2019-06-05,32.2266960144043
2019-06-06,32.5877799987793
2019-06-07,32.481101989746094
2019-06-10,32.87501907348633
2019-06-11,32.96528244018555
2019-06-12,33.41664123535156
2019-06-13,33.65461730957031
2019-06-14,33.47406768798828
2019-06-17,33.433040618896484
2019-06-18,33.81053924560547
2019-06-19,33.40843200683594
2019-06-20,33.89259719848633
2019-06-21,33.71206283569336
2019-06-24,33.42483901977539
2019-06-25,33.170433044433594
2019-06-26,33.2360954284668
2019-06-27,33.29353332519531
2019-06-28,33.48228073120117
2019-07-01,33.97467803955078
2019-07-02,34.048526763916016
2019-07-03,34.360374450683594
2019-07-05,34.41781997680664
2019-07-08,34.33575439453125
2019-07-09,34.27830123901367
2019-07-10,34.30292510986328
2019-07-11,34.245487213134766
2019-07-12,34.40140914916992
2019-07-15,34.253692626953125
2019-07-16,33.49870300292969
2019-07-17,33.080177307128906
2019-07-18,32.957069396972656
2019-07-19,33.03093338012695
2019-07-22,33.13761901855469
2019-07-23,33.26891326904297
2019-07-24,33.29353332519531
2019-07-25,33.3838005065918
2019-07-26,33.309940338134766
2019-07-29,33.56435012817383
2019-07-30,33.605377197265625
2019-07-31,33.71206283569336
2019-08-01,33.76951217651367
2019-08-02,32.883209228515625
2019-08-05,31.003931045532227
2019-08-06,30.708505630493164
2019-08-07,30.593624114990234
2019-08-08,31.430679321289062
2019-08-09,31.479917526245117
2019-08-12,30.692094802856445
2019-08-13,30.98752212524414
2019-08-14,30.17509651184082
2019-08-15,30.16687774658203
2019-08-16,31.05318260192871
2019-08-19,31.20909881591797
2019-08-20,30.757740020751953
2019-08-21,31.22163963317871
2019-08-22,31.420448303222656
2019-08-23,31.006261825561523
2019-08-26,31.321054458618164
2019-08-27,30.99798011779785
2019-08-28,31.12224006652832
2019-08-29,31.254772186279297
2019-08-30,31.51985740661621
2019-09-03,31.470155715942383
2019-09-04,31.6772403717041
2019-09-05,32.00031661987305
2019-09-06,32.06658172607422
2019-09-09,32.8618278503418
2019-09-10,33.375423431396484
2019-09-11,34.00498962402344
2019-09-12,34.33634567260742
2019-09-13,34.48545455932617
2019-09-16,34.758819580078125
2019-09-17,34.61799621582031
2019-09-18,34.518592834472656
2019-09-19,33.880741119384766
2019-09-20,33.880741119384766
2019-09-23,33.46654510498047
2019-09-24,33.07720184326172
2019-09-25,33.53281021118164
2019-09-26,33.847599029541016
2019-09-27,33.91386413574219
2019-09-30,34.02155685424805
2019-10-01,33.408565521240234
2019-10-02,32.90324783325195
2019-10-03,32.7458610534668
2019-10-04,33.42512130737305
2019-10-07,32.95294952392578
2019-10-08,31.809791564941406
2019-10-09,32.24882888793945
2019-10-10,32.944671630859375
2019-10-11,33.5162467956543
2019-10-14,33.300872802734375
2019-10-15,33.408565521240234
2019-10-16,32.886680603027344
2019-10-17,33.01093673706055
2019-10-18,32.83698272705078
2019-10-21,33.46654510498047
2019-10-22,33.599082946777344
2019-10-23,33.73991012573242
2019-10-24,33.58251953125
2019-10-25,33.971858978271484
2019-10-28,34.212093353271484
2019-10-29,34.386043548583984
2019-10-30,33.57424545288086
2019-10-31,34.825096130371094
2019-11-01,35.148155212402344
2019-11-04,35.670047760009766
2019-11-05,35.59549331665039
2019-11-06,35.52092742919922
2019-11-07,36.067657470703125
2019-11-08,35.877132415771484
2019-11-11,36.05936813354492
2019-11-12,35.81915283203125
2019-11-13,35.47122573852539
2019-11-14,35.438087463378906
2019-11-15,35.51264953613281
2019-11-18,35.48779296875
2019-11-19,35.68661117553711
2019-11-20,35.494510650634766
2019-11-21,35.76177215576172
2019-11-22,35.67824935913086
2019-11-25,35.978919982910156
2019-11-26,35.70331573486328
2019-11-27,35.861976623535156
2019-11-29,35.8536376953125
2019-12-02,36.154296875
2019-12-03,35.845279693603516
2019-12-04,35.8536376953125
2019-12-05,36.03738021850586
2019-12-06,36.67210006713867
2019-12-09,36.80572509765625
2019-12-10,36.74726867675781
2019-12-11,36.93935775756836
2019-12-12,37.50726318359375
2019-12-13,37.74946212768555
2019-12-16,38.40088653564453
2019-12-17,38.59297180175781
2019-12-18,37.841331481933594
2019-12-19,38.1169319152832
2019-12-20,38.242210388183594
2019-12-23,38.434295654296875
2019-12-24,38.48440933227539
2019-12-26,38.584625244140625
2019-12-27,38.668148040771484
2019-12-30,38.5178108215332
2019-12-31,38.709903717041016
2020-01-02,38.509464263916016
2020-01-03,38.434295654296875
2020-01-06,38.133644104003906
2020-01-07,37.674293518066406
2020-01-08,37.25672149658203
2020-01-09,36.87254333496094
2020-01-10,36.705509185791016
2020-01-13,37.0980224609375
2020-01-14,37.16484069824219
2020-01-15,37.07297897338867
2020-01-16,37.86638259887695
2020-01-17,37.79121780395508
2020-01-21,37.682640075683594
2020-01-22,37.52397155761719
2020-01-23,37.557376861572266
2020-01-24,36.99781036376953
2020-01-27,36.354736328125
2020-01-28,36.68044662475586
2020-01-29,36.48001480102539
2020-01-30,38.25054931640625
2020-01-31,37.38199234008789
2020-02-03,37.54901885986328
2020-02-04,37.89143371582031
2020-02-05,38.47605895996094
2020-02-06,38.40088653564453
2020-02-07,38.175392150878906
2020-02-10,38.15034484863281
2020-02-11,38.5178108215332
2020-02-12,38.39155197143555
2020-02-13,38.10536193847656
2020-02-14,37.684505462646484
2020-02-18,37.41513442993164
2020-02-19,37.01111602783203
2020-02-20,37.22996520996094
2020-02-21,36.952186584472656
2020-02-24,36.04310989379883
2020-02-25,34.0313606262207
2020-02-26,33.560001373291016
2020-02-27,31.666095733642578
2020-02-28,31.69133758544922
2020-03-02,32.69301223754883
2020-03-03,32.03645706176758
2020-03-04,33.139122009277344
2020-03-05,32.26372528076172
2020-03-06,31.68291473388672
2020-03-09,29.713258743286133
2020-03-10,31.24521827697754
2020-03-11,29.519657135009766
2020-03-12,26.5483341217041
2020-03-13,29.157703399658203
2020-03-16,27.507915496826172
2020-03-17,29.679588317871094
2020-03-18,27.794099807739258
2020-03-19,28.164472579956055
2020-03-20,25.76552391052246
2020-03-23,24.671262741088867
2020-03-24,27.204891204833984
2020-03-25,27.524749755859375
2020-03-26,29.00619888305664
2020-03-27,28.198135375976562
2020-03-30,30.159381866455078
2020-03-31,29.612253189086914
2020-04-01,28.509580612182617
2020-04-02,28.896778106689453
2020-04-03,29.1661376953125
2020-04-06,30.11729621887207
2020-04-07,30.2856388092041
2020-04-08,30.706506729125977
2020-04-09,31.632415771484375
2020-04-13,30.361398696899414
2020-04-14,31.346235275268555
2020-04-15,29.873193740844727
2020-04-16,30.016284942626953
2020-04-17,31.304141998291016
2020-04-20,30.588668823242188
2020-04-21,29.460742950439453
2020-04-22,29.797433853149414
2020-04-23,30.083633422851562
2020-04-24,30.294052124023438
2020-04-27,30.757007598876953
2020-04-28,31.287307739257812
2020-04-29,32.33106994628906
2020-04-30,31.262060165405273
2020-05-01,29.56174659729004
2020-05-04,29.25872039794922
2020-05-05,29.42707633972168
2020-05-06,28.955698013305664
2020-05-07,29.25872039794922
2020-05-08,30.630760192871094
2020-05-11,29.822683334350586
2020-05-12,29.241893768310547
2020-05-13,28.484331130981445
2020-05-14,28.753681182861328
2020-05-15,28.72001075744629
2020-05-18,30.134126663208008
2020-05-19,29.606952667236328
2020-05-20,30.057605743408203
2020-05-21,29.862030029296875
2020-05-22,30.08312225341797
2020-05-26,31.571115493774414
2020-05-27,33.16114807128906
2020-05-28,33.16114807128906
2020-05-29,33.424739837646484
2020-06-01,33.06761932373047
2020-06-02,33.73084259033203
2020-06-03,34.44507598876953
2020-06-04,34.98075866699219
2020-06-05,36.15414810180664
2020-06-08,36.468753814697266
2020-06-09,36.03510665893555
2020-06-10,35.150821685791016
2020-06-11,32.8210334777832
2020-06-12,33.52676010131836
2020-06-15,33.5862922668457
2020-06-16,34.64913558959961
2020-06-17,34.411067962646484
2020-06-18,34.50460433959961
2020-06-19,34.21551513671875
2020-06-22,34.011436462402344
2020-06-23,33.95191192626953
2020-06-24,33.43323516845703
2020-06-25,33.96892166137695
2020-06-26,33.10162353515625
2020-06-29,33.72232437133789
2020-06-30,33.92641067504883
2020-07-01,33.50977325439453
2020-07-02,33.637306213378906
2020-07-06,33.73084259033203
2020-07-07,33.34820556640625
2020-07-08,32.88905334472656
2020-07-09,32.14930725097656
2020-07-10,33.484256744384766
2020-07-13,33.8073616027832
2020-07-14,34.385555267333984
2020-07-15,34.776695251464844
2020-07-16,34.82770538330078
2020-07-17,35.006263732910156
2020-07-20,34.1984977722168
2020-07-21,34.742679595947266
2020-07-22,34.99776840209961
2020-07-23,35.933082580566406
2020-07-24,35.788536071777344
2020-07-27,35.82253646850586
2020-07-28,36.21367645263672
2020-07-29,36.494266510009766
2020-07-30,36.86839294433594
2020-07-31,36.41774368286133
2020-08-03,36.502777099609375
2020-08-04,36.3242073059082
2020-08-05,36.85139846801758
2020-08-06,37.02994918823242
2020-08-07,37.43808364868164
2020-08-10,37.82921600341797
2020-08-11,37.744178771972656
2020-08-12,37.79520797729492
2020-08-13,37.778194427490234
2020-08-14,37.914241790771484
2020-08-17,37.744178771972656
2020-08-18,37.98420715332031
2020-08-19,37.769901275634766
2020-08-20,37.28128433227539
2020-08-21,37.367000579833984
2020-08-24,38.10423278808594
2020-08-25,37.975643157958984
2020-08-26,38.129940032958984
2020-08-27,38.33568572998047
2020-08-28,38.48997497558594
2020-08-31,38.36996841430664
2020-09-01,38.69572448730469
2020-09-02,39.21006393432617
2020-09-03,39.27006912231445
2020-09-04,39.852996826171875
2020-09-08,38.76430130004883
2020-09-09,39.475799560546875
2020-09-10,39.4500846862793
2020-09-11,40.19588851928711
2020-09-14,40.71880340576172
2020-09-15,40.693084716796875
2020-09-16,40.85595703125
2020-09-17,40.95025634765625
2020-09-18,40.838809967041016
2020-09-21,39.87013626098633
2020-09-22,40.290184020996094
2020-09-23,38.71286392211914
2020-09-24,38.97861099243164
2020-09-25,39.501522064208984
2020-09-28,39.86156463623047
2020-09-29,39.41579055786133
2020-09-30,39.852996826171875
2020-10-01,39.94728469848633
2020-10-02,40.067298889160156
2020-10-05,40.95883560180664
2020-10-06,40.80452346801758
2020-10-07,41.41316223144531
2020-10-08,41.87607192993164
2020-10-09,41.97894287109375
2020-10-12,42.853328704833984
2020-10-13,41.85892868041992
2020-10-14,41.87607192993164
2020-10-15,42.81046676635742
2020-10-16,42.681884765625
2020-10-19,43.12763977050781
2020-10-20,43.607688903808594
2020-10-21,43.5562629699707
2020-10-22,44.30204391479492
2020-10-23,44.46493911743164
2020-10-26,43.882015228271484
2020-10-27,43.170501708984375
2020-10-28,42.45042037963867
2020-10-29,42.793312072753906
2020-10-30,39.63867950439453
2020-11-02,41.627479553222656
2020-11-03,41.06169891357422
2020-11-04,39.87013626098633
2020-11-05,41.07027053833008
2020-11-06,41.37887191772461
2020-11-09,42.253257751464844
2020-11-10,42.99048614501953
2020-11-11,42.93904495239258
2020-11-12,42.287559509277344
2020-11-13,42.74189376831055
2020-11-16,43.21337127685547
2020-11-17,42.999061584472656
2020-11-18,42.54143524169922
2020-11-19,42.23923110961914
2020-11-20,41.9715690612793
2020-11-23,42.14425277709961
2020-11-24,43.655269622802734
2020-11-25,43.60346603393555
2020-11-27,43.56028747558594
2020-11-30,42.973148345947266
2020-12-01,43.266719818115234
2020-12-02,42.731388092041016
2020-12-03,43.0076904296875
2020-12-04,43.663902282714844
2020-12-07,43.20628356933594
2020-12-08,43.482582092285156
2020-12-09,43.03359603881836
2020-12-10,42.480987548828125
2020-12-11,43.0076904296875
2020-12-14,42.0406379699707
2020-12-15,42.80046081542969
2020-12-16,42.480987548828125
2020-12-17,42.63640213012695
2020-12-18,42.895442962646484
2020-12-21,42.627769470214844
2020-12-22,42.0751838684082
2020-12-23,42.610504150390625
2020-12-24,42.68821334838867
2020-12-28,42.912715911865234
2020-12-29,42.69685363769531
2020-12-30,43.09403991699219
2020-12-31,43.525760650634766
2021-01-04,43.05948257446289
2021-01-05,43.89702224731445
2021-01-06,45.67570114135742
2021-01-07,45.269893646240234
2021-01-08,45.39076614379883
2021-01-11,44.93314743041992
2021-01-12,44.38054656982422
2021-01-13,44.700016021728516
2021-01-14,45.6497917175293
2021-01-15,45.07129669189453
2021-01-19,45.84838104248047
2021-01-20,46.193763732910156
2021-01-21,45.580726623535156
2021-01-22,45.60662841796875
2021-01-25,45.839744567871094
2021-01-26,45.05403518676758
2021-01-27,42.80910110473633
2021-01-28,44.04381561279297
2021-01-29,43.18037796020508
2021-02-01,43.586185455322266
2021-02-02,43.983367919921875
2021-02-03,44.41508483886719
2021-02-04,45.347591400146484
2021-02-05,46.02106857299805
2021-02-08,46.647090911865234
2021-02-09,47.368770599365234
2021-02-10,47.35136795043945
2021-02-11,47.75132369995117
2021-02-12,48.4468994140625
2021-02-16,48.733821868896484
2021-02-17,48.62079620361328
2021-02-18,48.53384780883789
2021-02-19,48.7946891784668
2021-02-22,49.42940139770508
2021-02-23,49.577213287353516
2021-02-24,50.846641540527344
2021-02-25,49.864139556884766
2021-02-26,49.19465255737305
2021-03-01,49.820655822753906
2021-03-02,49.88152313232422
2021-03-03,49.66415023803711
2021-03-04,48.24692153930664
2021-03-05,50.07280731201172
2021-03-08,50.22062301635742
2021-03-09,50.42060852050781
2021-03-10,50.76839065551758
2021-03-11,50.942291259765625
2021-03-12,50.64665985107422
2021-03-15,50.69013214111328
2021-03-16,50.23800277709961
2021-03-17,50.16844940185547
2021-03-18,50.09020233154297
2021-03-19,49.412017822265625
2021-03-22,49.064231872558594
2021-03-23,48.30778884887695
2021-03-24,48.62079620361328
2021-03-25,49.45549011230469
2021-03-26,50.351043701171875
2021-03-29,49.63807678222656
2021-03-30,50.342350006103516
2021-03-31,49.559818267822266
2021-04-01,50.124977111816406
2021-04-05,50.01194381713867
2021-04-06,50.46406555175781
2021-04-07,50.29018020629883
2021-04-08,50.55101776123047
2021-04-09,50.89881134033203
2021-04-12,50.942291259765625
2021-04-13,50.342350006103516
2021-04-14,50.907501220703125
2021-04-15,51.011837005615234
2021-04-16,51.690025329589844
2021-04-19,51.55091094970703
2021-04-20,51.0466194152832
2021-04-21,52.02042770385742
2021-04-22,51.18572998046875
2021-04-23,51.655235290527344
2021-04-26,52.150840759277344
2021-04-27,53.750667572021484
2021-04-28,54.86359405517578
2021-04-29,55.2635498046875
2021-04-30,54.88967514038086
2021-05-03,56.19388198852539
2021-05-04,56.6025276184082
2021-05-05,57.55894470214844
2021-05-06,57.9849967956543
2021-05-07,58.271915435791016
2021-05-10,58.802303314208984
2021-05-11,58.15888977050781
2021-05-12,57.81979751586914
2021-05-13,58.37623977661133
2021-05-14,58.82838439941406
2021-05-17,58.81099319458008
2021-05-18,58.60116958618164
2021-05-19,58.076622009277344
2021-05-20,57.823081970214844
2021-05-21,58.557464599609375
2021-05-24,58.24272918701172
2021-05-25,58.21649169921875
2021-05-26,58.12907028198242
2021-05-27,58.22522735595703
2021-05-28,58.164039611816406
2021-06-01,59.379241943359375
2021-06-02,59.379241943359375
2021-06-03,59.66775894165039
2021-06-04,60.12236404418945
2021-06-07,60.02619934082031
2021-06-08,60.0873908996582
2021-06-09,59.54537582397461
2021-06-10,58.776023864746094
2021-06-11,57.70069885253906
2021-06-14,57.01877212524414
2021-06-15,56.5117073059082
2021-06-16,55.94344711303711
2021-06-17,54.142478942871094
2021-06-18,53.03217697143555
2021-06-21,54.063804626464844
2021-06-22,53.88895034790039
2021-06-23,53.55672836303711
2021-06-24,53.93265914916992
2021-06-25,53.73158264160156
2021-06-28,53.14583206176758
2021-06-29,52.9797248840332
2021-06-30,52.9797248840332
2021-07-01,53.07589340209961
2021-07-02,53.005950927734375
2021-07-06,51.97432327270508
2021-07-07,52.36774444580078
2021-07-08,51.694576263427734
2021-07-09,52.734947204589844
2021-07-12,52.45517349243164
2021-07-13,51.79074478149414
2021-07-14,51.388587951660156
2021-07-15,51.598411560058594
2021-07-16,50.8902587890625
2021-07-19,50.225830078125
2021-07-20,50.73289489746094
2021-07-21,50.79409408569336
2021-07-22,50.190860748291016
2021-07-23,50.71540832519531
2021-07-26,51.09134292602539
2021-07-27,51.44977951049805
2021-07-28,51.26618576049805
2021-07-29,52.10546875
2021-07-30,52.21037673950195
2021-08-02,51.89565658569336
2021-08-03,52.27157974243164
2021-08-04,51.36235427856445
2021-08-05,51.40606689453125
2021-08-06,52.708702087402344
2021-08-09,52.94475555419922
2021-08-10,53.687862396240234
2021-08-11,53.76655578613281
2021-08-12,54.04631423950195
2021-08-13,54.553375244140625
2021-08-16,54.79816436767578
2021-08-17,54.05944061279297
2021-08-18,53.55815887451172
2021-08-19,52.16863250732422
2021-08-20,51.83444595336914
2021-08-23,52.15983963012695
2021-08-24,52.423675537109375
2021-08-25,53.030487060546875
2021-08-26,52.537994384765625
2021-08-27,53.267940521240234
2021-08-30,52.828216552734375
2021-08-31,52.76665115356445
2021-09-01,52.46764373779297
2021-09-02,52.96892547607422
2021-09-03,52.94253921508789
2021-09-07,52.19502258300781
2021-09-08,52.65232849121094
2021-09-09,52.46764373779297
2021-09-10,52.669918060302734
2021-09-13,53.77802276611328
2021-09-14,53.10084915161133
2021-09-15,54.982852935791016
2021-09-16,55.40498352050781
2021-09-17,54.8685302734375
2021-09-20,53.223968505859375
2021-09-21,52.78424072265625
2021-09-22,51.878414154052734
2021-09-23,53.012908935546875
2021-09-24,52.555580139160156
2021-09-27,53.43504333496094
2021-09-28,53.267940521240234
2021-09-29,53.45261764526367
2021-09-30,52.77545166015625
2021-10-01,53.47021484375
2021-10-04,53.78681564331055
2021-10-05,54.771785736083984
2021-10-06,54.789371490478516
2021-10-07,55.422576904296875
2021-10-08,55.660030364990234
2021-10-11,56.258052825927734
2021-10-12,55.74797058105469
2021-10-13,55.33462905883789
2021-10-14,56.433929443359375
2021-10-15,56.24046325683594
2021-10-18,56.10854721069336
2021-10-19,56.75932693481445
2021-10-20,57.02316665649414
2021-10-21,57.04955291748047
2021-10-22,58.23678970336914
2021-10-25,58.59736251831055
2021-10-26,57.48048400878906
2021-10-27,56.750526428222656
2021-10-28,57.02316665649414
2021-10-29,56.49549865722656
2021-11-01,55.94145202636719
2021-11-02,55.73038101196289
2021-11-03,57.0759391784668
2021-11-04,56.4867057800293
2021-11-05,56.715354919433594
2021-11-08,56.10854721069336
2021-11-09,56.662593841552734
2021-11-10,57.506858825683594
2021-11-11,58.166439056396484
2021-11-12,57.98176193237305
2021-11-15,58.87879180908203
2021-11-16,58.71962356567383
2021-11-17,58.065208435058594
2021-11-18,58.88762664794922
2021-11-19,57.78220748901367
2021-11-22,58.737300872802734
2021-11-23,59.02912521362305
2021-11-24,58.64887237548828
2021-11-26,56.95095443725586
2021-11-29,57.31352996826172
2021-11-30,55.01426696777344
2021-12-01,54.669376373291016
2021-12-02,55.18228530883789
2021-12-03,55.297245025634766
2021-12-06,55.8101692199707
2021-12-07,56.73872756958008
2021-12-08,56.71217727661133
2021-12-09,55.96049499511719
2021-12-10,56.11083984375
2021-12-13,57.16318893432617
2021-12-14,57.348899841308594
2021-12-15,57.55229949951172
2021-12-16,58.516212463378906
2021-12-17,57.720314025878906
2021-12-20,56.79177474975586
2021-12-21,57.331214904785156
2021-12-22,57.1455078125
2021-12-23,57.87065887451172
2021-12-27,58.42778015136719
2021-12-28,59.18830490112305
2021-12-29,59.25905990600586
2021-12-30,59.12641143798828
2021-12-31,59.77196502685547
2022-01-03,60.03727340698242
2022-01-04,61.15153884887695
2022-01-05,60.67398452758789
2022-01-06,61.21342086791992
2022-01-07,61.73518371582031
2022-01-10,61.8412971496582
2022-01-11,62.32769012451172
2022-01-12,62.27462387084961
2022-01-13,62.69911193847656
2022-01-14,63.2739143371582
2022-01-18,63.02630615234375
2022-01-19,62.78753662109375
2022-01-20,60.92160415649414
2022-01-21,60.9658203125
2022-01-24,60.65630340576172
2022-01-25,60.46175765991211
2022-01-26,63.9106330871582
2022-01-27,65.61740112304688
2022-01-28,67.13845825195312
2022-01-31,66.32486724853516
2022-02-01,66.79354858398438
2022-02-02,67.81937408447266
2022-02-03,66.9173583984375
2022-02-04,66.9527359008789
2022-02-07,67.54840087890625
2022-02-08,68.1795883178711
2022-02-09,68.70413208007812
2022-02-10,67.95736694335938
2022-02-11,67.9840087890625
2022-02-14,67.6728515625
2022-02-15,68.27740478515625
2022-02-16,68.36628723144531
2022-02-17,68.14403533935547
2022-02-18,67.91287994384766
2022-02-22,68.19738006591797
2022-02-23,66.89051055908203
2022-02-24,67.43280792236328
2022-02-25,70.14434814453125
2022-02-28,69.74429321289062
2022-03-01,69.33533477783203
2022-03-02,71.3712158203125
2022-03-03,72.83811950683594
2022-03-04,73.611572265625
2022-03-07,74.6517333984375
2022-03-08,73.90494537353516
2022-03-09,72.70474243164062
2022-03-10,74.95399475097656
2022-03-11,74.3227767944336
2022-03-14,73.40706634521484
2022-03-15,73.62045288085938
2022-03-16,72.41136932373047
2022-03-17,74.4828109741211
2022-03-18,74.6606216430664
2022-03-21,77.48772430419922
2022-03-22,77.84334564208984
2022-03-23,79.20355987548828
2022-03-24,80.39485168457031
2022-03-25,83.11528015136719
2022-03-28,82.1017837524414
2022-03-29,78.09226989746094
2022-03-30,79.39024353027344
2022-03-31,80.24372863769531
2022-04-01,81.052734375
2022-04-04,80.39485168457031
2022-04-05,80.81269073486328
2022-04-06,82.52851867675781
2022-04-07,83.55089569091797
2022-04-08,84.67996215820312
2022-04-11,84.07542419433594
2022-04-12,84.51996612548828
2022-04-13,84.94668579101562
2022-04-14,86.15576171875
2022-04-18,85.75568389892578
2022-04-19,85.28451538085938
2022-04-20,87.32038879394531
2022-04-21,85.39119720458984
2022-04-22,81.9506607055664
2022-04-25,80.86602783203125
2022-04-26,80.58153533935547
2022-04-27,83.49755096435547
2022-04-28,82.24403381347656
2022-04-29,79.62139129638672
2022-05-02,79.39913940429688
2022-05-03,79.7991943359375
2022-05-04,81.03494262695312
2022-05-05,79.4880599975586
2022-05-06,79.77253723144531
2022-05-09,74.99844360351562
2022-05-10,75.54076385498047
2022-05-11,74.99844360351562
2022-05-12,75.06956481933594
2022-05-13,75.91415405273438
2022-05-16,77.50550842285156
2022-05-17,79.15779113769531
2022-05-18,75.5049057006836
2022-05-19,74.8975830078125
2022-05-20,75.02261352539062
2022-05-23,77.31795501708984
2022-05-24,78.38076782226562
2022-05-25,79.2828369140625
2022-05-26,78.87199401855469
2022-05-27,79.42572784423828
2022-05-31,81.11373901367188
2022-06-01,77.40725708007812
2022-06-02,79.73831939697266
2022-06-03,78.51473236083984
2022-06-06,78.9613037109375
2022-06-07,79.95267486572266
2022-06-08,79.13993072509766
2022-06-09,76.79100036621094
2022-06-10,75.62992858886719
2022-06-13,73.24530029296875
2022-06-14,73.83475494384766
2022-06-15,73.48644256591797
2022-06-16,70.58377075195312
2022-06-17,69.04759979248047
2022-06-21,70.91424560546875
2022-06-22,69.15474700927734
2022-06-23,64.08181762695312
2022-06-24,66.55577850341797
2022-06-27,67.913330078125
2022-06-28,67.86865997314453
2022-06-29,68.9850845336914
2022-06-30,69.30660247802734
2022-07-01,68.24378967285156
2022-07-05,64.64447784423828
2022-07-06,64.50157928466797
2022-07-07,66.4486083984375
2022-07-08,65.50189208984375
2022-07-11,64.8677749633789
2022-07-12,65.06424713134766
2022-07-13,64.92134857177734
2022-07-14,64.03715515136719
2022-07-15,64.30511474609375
2022-07-18,64.79631805419922
2022-07-19,65.93952178955078
2022-07-20,66.6004409790039
2022-07-21,66.10921478271484
2022-07-22,65.94845581054688
2022-07-25,67.5382080078125
2022-07-26,70.48553466796875
2022-07-27,71.85202026367188
2022-07-28,70.86957550048828
2022-07-29,73.92406463623047
2022-08-01,75.25483703613281
2022-08-02,73.94192504882812
2022-08-03,73.45964050292969
2022-08-04,73.25421905517578
2022-08-05,73.91513061523438
2022-08-08,73.67399597167969
2022-08-09,74.00444793701172
2022-08-10,74.66535949707031
2022-08-11,75.14765167236328
2022-08-12,77.34475708007812
2022-08-15,76.92499542236328
2022-08-16,77.68767547607422
2022-08-17,77.4813003540039
2022-08-18,78.620849609375
2022-08-19,78.27092742919922
2022-08-22,77.65179443359375
2022-08-23,79.00670623779297
2022-08-24,79.53609466552734
2022-08-25,81.57296752929688
2022-08-26,80.36161041259766
2022-08-29,81.4383544921875
2022-08-30,78.57600402832031
2022-08-31,78.86312866210938
2022-09-01,78.58496856689453
2022-09-02,78.61188507080078
2022-09-06,76.89803314208984
2022-09-07,78.27092742919922
2022-09-08,81.01663208007812
2022-09-09,82.07544708251953
2022-09-12,79.15026092529297
2022-09-13,77.4813003540039
2022-09-14,77.31978607177734
2022-09-15,76.50324249267578
2022-09-16,76.06356811523438
2022-09-19,78.36064910888672
2022-09-20,77.84022521972656
2022-09-21,77.16724395751953
2022-09-22,77.23006439208984
2022-09-23,73.26400756835938
2022-09-26,73.13839721679688
2022-09-27,72.51924896240234
2022-09-28,74.39459991455078
2022-09-29,72.3308334350586
2022-09-30,72.1872787475586
2022-10-03,74.50226593017578
2022-10-04,76.89803314208984
2022-10-05,77.40951538085938
2022-10-06,76.94293212890625
2022-10-07,76.66476440429688
2022-10-10,77.714599609375
2022-10-11,77.43643188476562
2022-10-12,77.19416046142578
2022-10-13,79.7155532836914
2022-10-14,74.81633758544922
2022-10-17,76.95189666748047
2022-10-18,78.75543975830078
2022-10-19,79.27588653564453
2022-10-20,79.2579345703125
2022-10-21,80.47826385498047
2022-10-24,80.11036682128906
2022-10-25,81.77932739257812
2022-10-26,83.97770690917969
2022-10-27,84.46223449707031
2022-10-28,85.13521575927734
2022-10-31,87.01952362060547
2022-11-01,87.51303100585938
2022-11-02,85.96072387695312
2022-11-03,86.39141845703125
2022-11-04,85.41337585449219
2022-11-07,85.78125762939453
2022-11-08,86.4901123046875
2022-11-09,83.50213623046875
2022-11-10,84.59683227539062
2022-11-11,83.5111083984375
2022-11-14,84.59683227539062
2022-11-15,85.18255615234375
2022-11-16,85.77729797363281
2022-11-17,85.2456283569336
2022-11-18,85.74126434326172
2022-11-21,86.60633087158203
2022-11-22,88.01206970214844
2022-11-23,87.2100601196289
2022-11-25,87.76876831054688
2022-11-28,86.73248291015625
2022-11-29,86.91271209716797
2022-11-30,87.85887908935547
2022-12-01,82.28996276855469
2022-12-02,82.64141845703125
2022-12-05,81.79435729980469
2022-12-06,81.86644744873047
2022-12-07,83.95703887939453
2022-12-08,83.26318359375
2022-12-09,82.79459381103516
2022-12-12,84.1012191772461
2022-12-13,84.0111083984375
2022-12-14,83.62362670898438
2022-12-15,83.28120422363281
2022-12-16,83.18208312988281
2022-12-19,83.48846435546875
2022-12-20,83.74978637695312
2022-12-21,84.94828033447266
2022-12-22,84.24539947509766
2022-12-23,85.26365661621094
2022-12-27,86.42609405517578
2022-12-28,84.362548828125
2022-12-29,83.91199493408203
2022-12-30,83.6686782836914
2023-01-03,80.78511810302734
2023-01-04,77.84745788574219
2023-01-05,75.90105438232422
2023-01-06,77.45097351074219
2023-01-09,76.92833709716797
2023-01-10,77.70330047607422
2023-01-11,78.10880279541016
2023-01-12,78.74859619140625
2023-01-13,79.65870666503906
2023-01-17,79.37936401367188
2023-01-18,76.59491729736328
2023-01-19,76.87425231933594
2023-01-20,76.36964416503906
2023-01-23,76.00920867919922
2023-01-24,77.28878784179688
2023-01-25,77.10855102539062
2023-01-26,76.50479888916016
2023-01-27,75.36039733886719
2023-01-30,74.1168441772461
2023-01-31,74.65751647949219
2023-02-01,75.1260986328125
2023-02-02,74.17091369628906
2023-02-03,74.14388275146484
2023-02-06,74.39619445800781
2023-02-07,74.48632049560547
2023-02-08,73.93360137939453
2023-02-09,73.02757263183594
2023-02-10,74.37757110595703
2023-02-13,74.20542907714844
2023-02-14,74.0967025756836
2023-02-15,74.06045532226562
2023-02-16,73.77053833007812
2023-02-17,73.92454528808594
2023-02-21,73.75240325927734
2023-02-22,73.94268798828125
2023-02-23,74.3413314819336
2023-02-24,73.78865051269531
2023-02-27,73.5621337890625
2023-02-28,72.12152099609375
2023-03-01,71.79532623291016
2023-03-02,73.00038146972656
2023-03-03,73.4443359375
2023-03-06,73.75240325927734
2023-03-07,72.23930358886719
2023-03-08,72.40238189697266
2023-03-09,70.66276550292969
2023-03-10,69.45774841308594
2023-03-13,69.96512603759766
2023-03-14,71.5325927734375
2023-03-15,69.59363555908203
2023-03-16,69.28557586669922
2023-03-17,67.28321075439453
2023-03-20,69.70236206054688
2023-03-21,70.3909683227539
2023-03-22,69.73859405517578
2023-03-23,68.07147979736328
2023-03-24,69.41242218017578
2023-03-27,70.44532012939453
2023-03-28,71.17017364501953
2023-03-29,71.56881713867188
2023-03-30,72.00373077392578
2023-03-31,72.1758804321289
2023-04-03,72.86447143554688
2023-04-04,71.92217254638672
2023-04-05,71.94937133789062
2023-04-06,71.3423080444336
2023-04-10,72.52923583984375
2023-04-11,73.74334716796875
2023-04-12,73.48963928222656
2023-04-13,73.58930969238281
2023-04-14,74.10575866699219
2023-04-17,74.47724151611328
2023-04-18,74.79434967041016
2023-04-19,74.25072479248047
2023-04-20,73.38999938964844
2023-04-21,72.93695068359375
2023-04-24,73.20878601074219
2023-04-25,68.7691421508789
2023-04-26,69.79295349121094
2023-04-27,70.68089294433594
2023-04-28,70.74431610107422
2023-05-01,70.49063110351562
2023-05-02,68.42483520507812
2023-05-03,67.97180938720703
2023-05-04,67.2469711303711
2023-05-05,68.82349395751953
2023-05-08,68.31612396240234
2023-05-09,67.97180938720703
2023-05-10,67.62749481201172
2023-05-11,67.86309051513672
2023-05-12,68.29798126220703
2023-05-15,68.91410064697266
2023-05-16,66.67194366455078
2023-05-17,66.580810546875
2023-05-18,66.34384155273438
2023-05-19,66.74486541748047
2023-05-22,66.936279296875
2023-05-23,68.40369415283203
2023-05-24,66.39851379394531
2023-05-25,67.19147491455078
2023-05-26,66.28915405273438
2023-05-30,65.10426330566406
2023-05-31,64.39335632324219
2023-06-01,64.30220031738281
2023-06-02,65.5964584350586
2023-06-05,64.95843505859375
2023-06-06,65.979248046875
2023-06-07,66.86334991455078
2023-06-08,65.80607604980469
2023-06-09,66.11597442626953
2023-06-12,66.6901626586914
2023-06-13,67.70187377929688
2023-06-14,66.67194366455078
2023-06-15,67.95708465576172
2023-06-16,68.79561614990234
2023-06-20,67.51960754394531
2023-06-21,66.95449829101562
2023-06-22,66.58992767333984
2023-06-23,66.444091796875
2023-06-26,67.11856079101562
2023-06-27,67.34642791748047
2023-06-28,67.39200592041016
2023-06-29,68.01178741455078
2023-06-30,68.8685302734375
2023-07-03,69.93492126464844
2023-07-05,70.56379699707031
2023-07-06,70.21745300292969
2023-07-07,71.1015625
2023-07-10,71.5846176147461
2023-07-11,73.34371185302734
2023-07-12,71.75778198242188
2023-07-13,72.15882110595703
2023-07-14,71.27473449707031
2023-07-17,72.51428985595703
2023-07-18,73.5988998413086
2023-07-19,73.8267822265625
2023-07-20,75.31240844726562
2023-07-21,74.86580657958984
2023-07-24,75.74991607666016
2023-07-25,78.4295654296875
2023-07-26,79.20426940917969
2023-07-27,78.19258117675781
2023-07-28,78.73943328857422
2023-07-31,77.43608093261719
2023-08-01,77.45431518554688
2023-08-02,77.28114318847656
2023-08-03,77.44519805908203
2023-08-04,77.97383880615234
2023-08-07,79.48683166503906
2023-08-08,78.7850112915039
2023-08-09,78.24725341796875
2023-08-10,78.2928237915039
2023-08-11,77.30848693847656
2023-08-14,77.41785430908203
2023-08-15,75.53028869628906
2023-08-16,75.29203796386719
2023-08-17,75.63107299804688
2023-08-18,75.89680480957031
2023-08-21,75.60358428955078
2023-08-22,74.00921630859375
2023-08-23,74.33909606933594
2023-08-24,73.6060562133789
2023-08-25,74.06420135498047
2023-08-28,74.10086822509766
2023-08-29,74.77892303466797
2023-08-30,73.99089813232422
2023-08-31,72.66226959228516
2023-09-01,73.11125946044922
2023-09-05,72.27742767333984
2023-09-06,70.97628021240234
2023-09-07,71.95671844482422
2023-09-08,72.21329498291016
2023-09-11,72.1491470336914
2023-09-12,73.0287857055664
2023-09-13,72.97381591796875
2023-09-14,73.8992691040039
2023-09-15,72.70807647705078
2023-09-18,72.56148529052734
2023-09-19,72.47901153564453
2023-09-20,72.73558807373047
2023-09-21,72.27742767333984
2023-09-22,70.53646850585938
2023-09-25,70.82967376708984
2023-09-26,69.70263671875
2023-09-27,69.96835327148438
2023-09-28,69.67515563964844
2023-09-29,69.1070556640625
2023-10-02,67.98915100097656
2023-10-03,67.63179779052734
2023-10-04,67.32027435302734
2023-10-05,67.00872039794922
2023-10-06,66.76133728027344
2023-10-09,67.71428680419922
2023-10-10,67.9433364868164
2023-10-11,67.531005859375
2023-10-12,66.67886352539062
2023-10-13,67.18282318115234
2023-10-16,68.2823715209961
2023-10-17,68.90546417236328
2023-10-18,68.2823715209961
2023-10-19,67.65930938720703
2023-10-20,66.75216674804688
2023-10-23,66.33982849121094
2023-10-24,63.65508270263672
2023-10-25,65.10282135009766
2023-10-26,65.83586120605469
2023-10-27,64.17737579345703
2023-10-30,65.44185638427734
2023-10-31,65.57930755615234
2023-11-01,65.39604949951172
2023-11-02,66.358154296875
2023-11-03,66.8071517944336
2023-11-06,66.48643493652344
2023-11-07,66.0740966796875
2023-11-08,66.00080108642578
2023-11-09,66.11991882324219
2023-11-10,66.43146514892578
2023-11-13,66.92626190185547
2023-11-14,68.09717559814453
2023-11-15,68.44751739501953
2023-11-16,68.15248107910156
2023-11-17,68.18937683105469
2023-11-20,67.86668395996094
2023-11-21,67.97732543945312
2023-11-22,68.53050231933594
2023-11-24,68.50283813476562
2023-11-27,67.47945404052734
2023-11-28,68.2723617553711
2023-11-29,67.47945404052734
2023-11-30,67.97732543945312
2023-12-01,69.22198486328125
2023-12-04,68.80709838867188
2023-12-05,68.35531616210938
2023-12-06,67.47945404052734
2023-12-07,68.06950378417969
2023-12-08,67.99575805664062
2023-12-11,69.22198486328125
2023-12-12,68.76099395751953
2023-12-13,69.38793182373047
2023-12-14,70.4574203491211
2023-12-15,69.83970642089844
2023-12-18,66.69577026367188
2023-12-19,68.17092895507812
2023-12-20,65.16529083251953
2023-12-21,65.39578247070312
2023-12-22,65.8844223022461
2023-12-26,66.74186706542969
2023-12-27,66.53903198242188
2023-12-28,66.6312255859375
2023-12-29,66.58512878417969
2024-01-02,67.08300018310547
2024-01-03,67.42412567138672
2024-01-04,66.15180206298828
2024-01-05,65.28514099121094
2024-01-08,65.51563262939453
2024-01-09,65.15606689453125
2024-01-10,63.92061996459961
2024-01-11,64.04969024658203
2024-01-12,64.1326675415039
2024-01-16,63.708560943603516
2024-01-17,63.54261016845703
2024-01-18,63.376651763916016
2024-01-19,62.86956787109375
2024-01-22,47.656944274902344
2024-01-23,48.228580474853516
2024-01-24,48.52361297607422
2024-01-25,47.371150970458984
2024-01-26,47.98886489868164
2024-01-29,50.65338134765625
2024-01-30,51.63067626953125
2024-01-31,51.243446350097656
2024-02-01,52.33137512207031
2024-02-02,51.3448600769043
2024-02-05,48.82786560058594
2024-02-06,49.20587921142578
2024-02-07,49.21518325805664
2024-02-08,49.04765701293945
2024-02-09,49.3734016418457
2024-02-12,50.01557922363281
2024-02-13,48.833595275878906
2024-02-14,49.578147888183594
2024-02-15,50.546077728271484
2024-02-16,49.931819915771484
2024-02-20,49.69914245605469
2024-02-21,50.16449737548828
2024-02-22,49.97835159301758
2024-02-23,49.74568176269531
2024-02-26,49.485084533691406
2024-02-27,49.13142395019531
2024-02-28,49.33616638183594
2024-02-29,49.42924499511719
2024-03-01,50.48093795776367
2024-03-04,49.53162384033203
2024-03-05,49.754981994628906
2024-03-06,50.39716720581055
2024-03-07,50.490230560302734
2024-03-08,51.01142883300781
2024-03-11,51.10449981689453
2024-03-12,53.114803314208984
2024-03-13,54.231632232666016
2024-03-14,54.175785064697266
2024-03-15,55.19955062866211
2024-03-18,56.223323822021484
2024-03-19,56.800350189208984
2024-03-20,57.060951232910156
2024-03-21,58.14055252075195
2024-03-22,57.703128814697266
2024-03-25,58.177772521972656
2024-03-26,57.53560256958008
2024-03-27,58.62451171875
2024-03-28,58.45698928833008
2024-04-01,58.02886962890625
2024-04-02,58.3546142578125
2024-04-03,58.308074951171875
2024-04-04,58.8571891784668
2024-04-05,59.06194305419922
2024-04-08,58.801353454589844
2024-04-09,59.47145080566406
2024-04-10,59.46213912963867
2024-04-11,58.233619689941406
2024-04-12,56.744510650634766
2024-04-15,56.32569885253906
2024-04-16,56.09302520751953
2024-04-17,56.23263168334961
2024-04-18,57.44253921508789
2024-04-19,58.261539459228516
2024-04-22,58.168479919433594
2024-04-23,57.50767517089844
2024-04-24,57.293617248535156
2024-04-25,56.772430419921875
2024-04-26,55.93479919433594
2024-04-29,56.48391342163086
2024-04-30,54.5945930480957
2024-05-01,54.324703216552734
2024-05-02,55.236785888671875
2024-05-03,55.06925582885742
2024-05-06,56.0185661315918
2024-05-07,57.32154083251953
2024-05-08,57.731048583984375
2024-05-09,58.112632751464844
2024-05-10,58.615211486816406
2024-05-13,58.28947067260742
2024-05-14,57.395992279052734
2024-05-15,56.37324142456055
2024-05-16,57.79008102416992
2024-05-17,57.8182373046875
2024-05-20,57.114505767822266
2024-05-21,57.48982238769531
2024-05-22,58.08095932006836
2024-05-23,56.973758697509766
2024-05-24,56.75795364379883
2024-05-28,57.133270263671875
2024-05-29,56.32632827758789
2024-05-30,56.42953872680664
2024-05-31,58.587642669677734
2024-06-03,58.1654052734375
2024-06-04,58.00589370727539
2024-06-05,57.30216598510742
2024-06-06,57.395999908447266
2024-06-07,57.48982238769531
2024-06-10,58.127872467041016
2024-06-11,57.696258544921875
2024-06-12,56.73918533325195
2024-06-13,56.98314666748047
2024-06-14,55.82903289794922
2024-06-17,56.44831085205078
2024-06-18,56.2137336730957
2024-06-20,57.24586486816406
2024-06-21,57.56489181518555
2024-06-24,58.29676818847656
2024-06-25,56.9080810546875
2024-06-26,56.926841735839844
2024-06-27,56.870548248291016
2024-06-28,56.72041702270508
2024-07-01,56.89869689941406
2024-07-02,58.29676818847656
2024-07-03,58.82221603393555
2024-07-05,57.574275970458984
2024-07-08,59.46964645385742
2024-07-09,59.235069274902344
2024-07-10,60.26720428466797
2024-07-11,60.28596878051758
2024-07-12,60.31412124633789
2024-07-15,59.4884147644043
2024-07-16,60.576839447021484
2024-07-17,61.66527557373047
2024-07-18,60.79264831542969
2024-07-19,60.22967529296875
2024-07-22,60.192138671875
2024-07-23,58.38121795654297
2024-07-24,58.78468322753906
2024-07-25,59.41334915161133
2024-07-26,60.03262710571289
2024-07-29,59.39458465576172
2024-07-30,58.64393997192383
2024-07-31,58.18416976928711
2024-08-01,56.74856948852539
2024-08-02,55.27543258666992
2024-08-05,54.59046936035156
2024-08-06,54.3840446472168
2024-08-07,54.59046936035156
2024-08-08,54.87196350097656
2024-08-09,54.83442687988281
2024-08-12,54.48725891113281
2024-08-13,54.77812957763672
2024-08-14,54.77812957763672
2024-08-15,55.228515625
2024-08-16,55.4443244934082
2024-08-19,55.997920989990234
2024-08-20,55.3692626953125
2024-08-21,56.0411491394043
2024-08-22,56.06953811645508
2024-08-23,57.252445220947266
2024-08-26,57.47956466674805
2024-08-27,57.309226989746094
2024-08-28,57.687747955322266
2024-08-29,57.57419204711914
2024-08-30,57.71614074707031
2024-09-03,57.366004943847656
2024-09-04,58.1230583190918
2024-09-05,56.84552764892578
2024-09-06,56.277732849121094
2024-09-09,56.306121826171875
2024-09-10,55.88027572631836
2024-09-11,55.83296203613281
2024-09-12,56.419677734375
2024-09-13,57.148345947265625
2024-09-16,57.167274475097656
2024-09-17,57.2145881652832
2024-09-18,57.28083038330078
2024-09-19,59.0977668762207
2024-09-20,58.066280364990234
2024-09-23,57.640438079833984
2024-09-24,57.470096588134766
2024-09-25,55.01911926269531
2024-09-26,56.183101654052734
2024-09-27,56.77927780151367
2024-09-30,56.53323745727539
2024-10-01,56.32504653930664
2024-10-02,55.63423538208008
2024-10-03,55.33141326904297
2024-10-04,56.05061340332031
2024-10-07,55.70047378540039
2024-10-08,54.460792541503906
2024-10-09,53.91192626953125
2024-10-10,54.21474838256836
2024-10-11,54.85824966430664
2024-10-14,54.80147171020508
2024-10-15,54.5743522644043
2024-10-16,55.16107177734375
2024-10-17,55.48282241821289
2024-10-18,53.37252426147461
2024-10-21,53.11701583862305
2024-10-22,52.70063400268555
2024-10-23,53.069705963134766
2024-10-24,53.46715545654297
2024-10-25,53.5239372253418
2024-10-28,54.16743469238281
2024-10-29,53.29682159423828
2024-10-30,52.54922103881836
2024-10-31,52.24639892578125
2024-11-01,51.707000732421875
2024-11-04,52.33156967163086
2024-11-05,49.208709716796875
2024-11-06,50.40107345581055
2024-11-07,49.67240905761719
2024-11-08,49.33173370361328
2024-11-11,49.54938888549805
2024-11-12,48.66930389404297
2024-11-13,49.085689544677734
2024-11-14,49.69133377075195
2024-11-15,50.48624038696289
2024-11-18,49.88059616088867
2024-11-19,50.145565032958984
2024-11-20,50.64712142944336
2024-11-21,50.80950927734375
2024-11-22,50.752193450927734
2024-11-25,50.6375617980957
2024-11-26,51.315792083740234
2024-11-27,51.93669891357422
2024-11-29,52.156402587890625
2024-12-02,51.8411750793457
2024-12-03,50.7904052734375
2024-12-04,49.45306396484375
2024-12-05,49.94023513793945
2024-12-06,49.11872482299805
2024-12-09,49.653663635253906
2024-12-10,49.74919128417969
2024-12-11,50.55159378051758
2024-12-12,50.704437255859375
2024-12-13,50.054866790771484
2024-12-16,49.37663650512695
2024-12-17,49.18559265136719
2024-12-18,47.618988037109375
2024-12-19,47.17002868652344
2024-12-20,48.23035430908203
2024-12-23,48.153926849365234
2024-12-24,48.36408233642578
2024-12-26,48.34497833251953
2024-12-27,48.316322326660156
2024-12-30,47.82914352416992
2024-12-31,48.25900650024414
2025-01-02,47.972434997558594
2025-01-03,47.81003952026367
2025-01-06,47.40884017944336
2025-01-07,47.21778869628906
2025-01-08,47.60943603515625
2025-01-10,48.803497314453125
2025-01-13,49.78739547729492
2025-01-14,48.89902114868164
2025-01-15,48.85125732421875
2025-01-16,48.727073669433594
2025-01-17,48.994544982910156
2025-01-21,48.92768096923828
2025-01-22,48.25900650024414
2025-01-23,48.39274215698242
2025-01-24,48.24945068359375
2025-01-27,49.83515548706055
2025-01-28,48.325870513916016
2025-01-29,49.34798812866211
2025-01-30,49.35753631591797
2025-01-31,48.93722915649414
2025-02-03,47.78138732910156
2025-02-04,45.3646125793457
2025-02-05,44.371158599853516
2025-02-06,43.51144027709961
2025-02-07,43.7120361328125
2025-02-10,44.02726745605469
2025-02-11,44.36159896850586
2025-02-12,43.196205139160156
2025-02-13,43.664276123046875
2025-02-14,44.03681945800781
2025-02-18,44.34592056274414
2025-02-19,44.471492767333984
2025-02-20,44.964115142822266
2025-02-21,46.548240661621094
2025-02-24,46.7510871887207
2025-02-25,47.098819732666016
2025-02-26,45.37946701049805
2025-02-27,45.00275421142578
2025-02-28,45.59197235107422
2025-03-03,44.99309158325195
2025-03-04,44.25898361206055
2025-03-05,44.23966598510742
2025-03-06,46.422672271728516
2025-03-07,47.75565719604492
2025-03-10,48.885799407958984
2025-03-11,46.98291015625
2025-03-12,45.4760627746582
2025-03-13,45.6402702331543
2025-03-14,45.57265090942383
2025-03-17,46.35506057739258
2025-03-18,46.05561828613281
2025-03-19,45.33116912841797
2025-03-20,44.93513488769531
2025-03-21,44.52944564819336
2025-03-24,44.36524200439453
2025-03-25,44.48115158081055
2025-03-26,45.466400146484375
2025-03-27,46.635169982910156
2025-03-28,46.23914337158203
2025-03-31,46.37437438964844
2025-04-01,46.567562103271484
2025-04-02,46.33573913574219
2025-04-03,45.94936752319336
2025-04-04,41.844154357910156
2025-04-07,41.515743255615234
2025-04-08,40.36627960205078
2025-04-09,42.868045806884766
2025-04-10,42.964637756347656
2025-04-11,44.27830505371094
2025-04-14,44.848201751708984
2025-04-15,44.50046920776367
2025-04-16,44.55842971801758
2025-04-17,46.19084548950195
2025-04-21,46.45165252685547
2025-04-22,46.88631820678711
2025-04-23,46.480628967285156
2025-04-24,47.118141174316406
2025-04-25,46.606201171875
2025-04-28,46.41300964355469
2025-04-29,46.1522102355957
2025-04-30,46.123233795166016
2025-05-01,45.959022521972656
2025-05-02,46.21982192993164
2025-05-05,45.88174819946289
2025-05-06,46.67381286621094
2025-05-07,46.248802185058594
2025-05-08,46.07493591308594
2025-05-09,46.87665939331055
2025-05-12,48.199989318847656
2025-05-13,48.96307373046875
2025-05-14,47.726680755615234
2025-05-15,47.195411682128906
2025-05-16,48.422149658203125
2025-05-19,48.306236267089844
2025-05-20,48.45112609863281
2025-05-21,47.133724212646484
2025-05-22,46.80193328857422
2025-05-23,46.78242111206055
2025-05-27,47.45576095581055
2025-05-28,47.182518005371094
2025-05-29,47.20203399658203
2025-05-30,47.10445022583008
2025-06-02,46.93855285644531
2025-06-03,46.13835525512695
2025-06-04,46.09932327270508
2025-06-05,45.845603942871094
2025-06-06,46.27497100830078
2025-06-09,46.74338912963867
2025-06-10,47.56310272216797
2025-06-11,47.494789123535156
2025-06-12,48.46088790893555
2025-06-13,50.744380950927734
2025-06-16,52.85222625732422
2025-06-17,52.79367446899414
2025-06-18,52.68633270263672
2025-06-20,52.31550979614258
2025-06-23,51.54458236694336
2025-06-24,51.65192794799805
2025-06-25,51.03714370727539
2025-06-26,51.886131286621094
2025-06-27,50.72486877441406
2025-06-30,51.50554656982422
2025-07-01,53.13522720336914
2025-07-02,54.55021667480469
2025-07-03,53.97446060180664
2025-07-07,53.20353698730469
2025-07-08,53.232810974121094
2025-07-09,52.69609069824219
2025-07-10,53.56460189819336
2025-07-11,53.6133918762207
2025-07-14,52.98884582519531
2025-07-15,52.432613372802734
2025-07-16,52.69609069824219
2025-07-17,52.2472038269043
2025-07-18,53.0766716003418
2025-07-21,52.84247589111328
2025-07-22,54.072044372558594
2025-07-23,54.86248779296875
2025-07-24,54.15987014770508
2025-07-25,54.013492584228516
2025-07-28,53.437740325927734
2025-07-29,52.89126205444336
2025-07-30,53.86711502075195
2025-07-31,52.87174606323242
2025-08-01,52.54970932006836
2025-08-04,53.04739761352539
2025-08-05,56.22868347167969
2025-08-06,55.360172271728516
2025-08-07,56.462886810302734
2025-08-08,56.4433708190918
2025-08-11,56.87274169921875
2025-08-12,57.14598846435547
2025-08-13,58.37555694580078
2025-08-14,57.887630462646484
2025-08-15,58.307247161865234
2025-08-18,58.22917938232422
2025-08-19,58.512176513671875
2025-08-20,59.7719841003418
2025-08-21,60.15583419799805
2025-08-22,61.92743682861328
2025-08-25,63.197086334228516
2025-08-26,61.829017639160156
2025-08-27,61.72074890136719
2025-08-28,61.671539306640625
2025-08-29,61.65185546875
2025-09-02,61.071163177490234
2025-09-03,60.74637222290039
2025-09-04,60.96289825439453
2025-09-05,61.947120666503906
2025-09-08,61.31721878051758
2025-09-09,61.208953857421875
2025-09-10,60.441261291503906
2025-09-11,60.45109939575195
2025-09-12,60.598731994628906
2025-09-15,59.575138092041016
2025-09-16,61.366432189941406
2025-09-17,60.12630844116211
2025-09-18,59.87040710449219
2025-09-19,60.67747497558594
2025-09-22,58.91571044921875
2025-09-23,59.74245834350586
2025-09-24,60.51015090942383
2025-09-25,60.106624603271484
2025-09-26,59.64403533935547
2025-09-29,59.358612060546875
2025-09-30,58.797603607177734
2025-10-01,58.315330505371094
2025-10-02,58.17753982543945
2025-10-03,60.07709503173828
2025-10-06,61.46485137939453
2025-10-07,61.897911071777344
2025-10-08,61.23847961425781
2025-10-09,60.342838287353516
2025-10-10,59.8802490234375
2025-10-13,60.66762924194336
2025-10-14,60.87431716918945
2025-10-15,62.380184173583984
2025-10-16,61.90775680541992
2025-10-17,62.33097457885742
2025-10-20,62.19317626953125
2025-10-21,60.74637222290039
2025-10-22,60.93336868286133
2025-10-23,61.523902893066406
2025-10-24,62.33097457885742
2025-10-27,60.96289825439453
2025-10-28,60.401885986328125
2025-10-29,59.5652961730957
2025-10-30,59.73261642456055
2025-10-31,59.575138092041016
2025-11-03,59.14208221435547
2025-11-04,59.171607971191406
2025-11-05,55.40202713012695
2025-11-06,55.82524490356445
2025-11-07,56.08114242553711
2025-11-10,55.116600036621094
2025-11-11,56.720890045166016
2025-11-12,56.838993072509766
2025-11-13,57.90196228027344
2025-11-14,57.685428619384766
2025-11-17,57.81338119506836
2025-11-18,60.06725311279297
2025-11-19,57.79438400268555
2025-11-20,57.437076568603516
2025-11-21,58.1913948059082
2025-11-24,58.211246490478516
2025-11-25,59.25339126586914
2025-11-26,60.09703063964844
2025-11-28,60.28561019897461
2025-12-01,60.067256927490234
2025-12-02,59.85882568359375
2025-12-03,59.35264205932617
2025-12-04,58.915931701660156
2025-12-05,58.56855010986328
2025-12-08,57.506553649902344
2025-12-09,57.635581970214844
2025-12-10,57.7745361328125
2025-12-11,59.47174072265625
2025-12-12,59.56106948852539
2025-12-15,59.74964904785156
2025-12-16,57.54625701904297
2025-12-17,58.121917724609375
2025-12-18,57.863861083984375
2025-12-19,57.80431365966797
2025-12-22,57.41722869873047
2025-12-23,57.04007339477539
2025-12-24,57.34775161743164
2025-12-26,57.47677993774414
2025-12-29,57.784461975097656
2025-12-30,57.734832763671875
2025-12-31,57.0599250793457
2026-01-02,58.60824966430664
2026-01-05,59.1342887878418
2026-01-06,60.037479400634766
2026-01-07,58.082218170166016
2026-01-08,60.732242584228516
2026-01-09,61.47663116455078
2026-01-12,61.73468780517578
2026-01-13,62.905860900878906
2026-01-14,64.11672973632812
2026-01-15,66.0719985961914
2026-01-16,64.69239044189453
2026-01-20,65.38715362548828
2026-01-21,67.19354248046875
2026-01-22,66.61788177490234
2026-01-23,67.00496673583984
2026-01-26,66.86601257324219
2026-01-27,67.7195816040039
2026-01-28,66.89579010009766
2026-01-29,66.41937255859375
2026-01-30,66.80645751953125
